battery_id,cycle_number,charge_file,discharge_file
B0047,1,00003.csv,00001.csv
B0047,2,00006.csv,00005.csv
B0047,3,00008.csv,00007.csv
B0047,4,00010.csv,00009.csv
B0047,5,00012.csv,00011.csv
B0047,6,00015.csv,00013.csv
B0047,7,00019.csv,00017.csv
B0047,8,00022.csv,00021.csv
B0047,9,00024.csv,00023.csv
B0047,10,00026.csv,00025.csv
B0047,11,00028.csv,00027.csv
B0047,12,00031.csv,00029.csv
B0047,13,00035.csv,00033.csv
B0047,14,00038.csv,00037.csv
B0047,15,00040.csv,00039.csv
B0047,16,00042.csv,00041.csv
B0047,17,00044.csv,00043.csv
B0047,18,00047.csv,00045.csv
B0047,19,00050.csv,00049.csv
B0047,20,00052.csv,00051.csv
B0047,21,00054.csv,00053.csv
B0047,22,00056.csv,00055.csv
B0047,23,00059.csv,00057.csv
B0047,24,00062.csv,00061.csv
B0047,25,00064.csv,00063.csv
B0047,26,00066.csv,00065.csv
B0047,27,00068.csv,00067.csv
B0047,28,00071.csv,00069.csv
B0047,29,00074.csv,00073.csv
B0047,30,00076.csv,00075.csv
B0047,31,00078.csv,00077.csv
B0047,32,00080.csv,00079.csv
B0047,33,00083.csv,00081.csv
B0047,34,00087.csv,00085.csv
B0047,35,00090.csv,00089.csv
B0047,36,00092.csv,00091.csv
B0047,37,00094.csv,00093.csv
B0047,38,00096.csv,00095.csv
B0047,39,00099.csv,00097.csv
B0047,40,00102.csv,00101.csv
B0047,41,00104.csv,00103.csv
B0047,42,00106.csv,00105.csv
B0047,43,00108.csv,00107.csv
B0047,44,00111.csv,00109.csv
B0047,45,00114.csv,00113.csv
B0047,46,00116.csv,00115.csv
B0047,47,00118.csv,00117.csv
B0047,48,00120.csv,00119.csv
B0047,49,00123.csv,00121.csv
B0047,50,00126.csv,00125.csv
B0047,51,00128.csv,00127.csv
B0047,52,00130.csv,00129.csv
B0047,53,00132.csv,00131.csv
B0047,54,00135.csv,00133.csv
B0047,55,00139.csv,00137.csv
B0047,56,00142.csv,00141.csv
B0047,57,00144.csv,00143.csv
B0047,58,00146.csv,00145.csv
B0047,59,00148.csv,00147.csv
B0047,60,00151.csv,00149.csv
B0047,61,00155.csv,00153.csv
B0047,62,00158.csv,00157.csv
B0047,63,00160.csv,00159.csv
B0047,64,00162.csv,00161.csv
B0047,65,00164.csv,00163.csv
B0047,66,00167.csv,00165.csv
B0047,67,00171.csv,00169.csv
B0047,68,00174.csv,00173.csv
B0047,69,00176.csv,00175.csv
B0047,70,00178.csv,00177.csv
B0047,71,00180.csv,00179.csv
B0047,72,00183.csv,00181.csv
B0045,1,00187.csv,00185.csv
B0045,2,00190.csv,00189.csv
B0045,3,00192.csv,00191.csv
B0045,4,00194.csv,00193.csv
B0045,5,00196.csv,00195.csv
B0045,6,00199.csv,00197.csv
B0045,7,00203.csv,00201.csv
B0045,8,00206.csv,00205.csv
B0045,9,00208.csv,00207.csv
B0045,10,00210.csv,00209.csv
B0045,11,00212.csv,00211.csv
B0045,12,00215.csv,00213.csv
B0045,13,00219.csv,00217.csv
B0045,14,00222.csv,00221.csv
B0045,15,00224.csv,00223.csv
B0045,16,00226.csv,00225.csv
B0045,17,00228.csv,00227.csv
B0045,18,00231.csv,00229.csv
B0045,19,00234.csv,00233.csv
B0045,20,00236.csv,00235.csv
B0045,21,00238.csv,00237.csv
B0045,22,00240.csv,00239.csv
B0045,23,00243.csv,00241.csv
B0045,24,00246.csv,00245.csv
B0045,25,00248.csv,00247.csv
B0045,26,00250.csv,00249.csv
B0045,27,00252.csv,00251.csv
B0045,28,00255.csv,00253.csv
B0045,29,00258.csv,00257.csv
B0045,30,00260.csv,00259.csv
B0045,31,00262.csv,00261.csv
B0045,32,00264.csv,00263.csv
B0045,33,00267.csv,00265.csv
B0045,34,00271.csv,00269.csv
B0045,35,00274.csv,00273.csv
B0045,36,00276.csv,00275.csv
B0045,37,00278.csv,00277.csv
B0045,38,00280.csv,00279.csv
B0045,39,00283.csv,00281.csv
B0045,40,00286.csv,00285.csv
B0045,41,00288.csv,00287.csv
B0045,42,00290.csv,00289.csv
B0045,43,00292.csv,00291.csv
B0045,44,00295.csv,00293.csv
B0045,45,00298.csv,00297.csv
B0045,46,00300.csv,00299.csv
B0045,47,00302.csv,00301.csv
B0045,48,00304.csv,00303.csv
B0045,49,00307.csv,00305.csv
B0045,50,00310.csv,00309.csv
B0045,51,00312.csv,00311.csv
B0045,52,00314.csv,00313.csv
B0045,53,00316.csv,00315.csv
B0045,54,00319.csv,00317.csv
B0045,55,00323.csv,00321.csv
B0045,56,00326.csv,00325.csv
B0045,57,00328.csv,00327.csv
B0045,58,00330.csv,00329.csv
B0045,59,00332.csv,00331.csv
B0045,60,00335.csv,00333.csv
B0045,61,00339.csv,00337.csv
B0045,62,00342.csv,00341.csv
B0045,63,00344.csv,00343.csv
B0045,64,00346.csv,00345.csv
B0045,65,00348.csv,00347.csv
B0045,66,00351.csv,00349.csv
B0045,67,00355.csv,00353.csv
B0045,68,00358.csv,00357.csv
B0045,69,00360.csv,00359.csv
B0045,70,00362.csv,00361.csv
B0045,71,00364.csv,00363.csv
B0045,72,00367.csv,00365.csv
B0048,1,00371.csv,00369.csv
B0048,2,00374.csv,00373.csv
B0048,3,00376.csv,00375.csv
B0048,4,00378.csv,00377.csv
B0048,5,00380.csv,00379.csv
B0048,6,00383.csv,00381.csv
B0048,7,00387.csv,00385.csv
B0048,8,00390.csv,00389.csv
B0048,9,00392.csv,00391.csv
B0048,10,00394.csv,00393.csv
B0048,11,00396.csv,00395.csv
B0048,12,00399.csv,00397.csv
B0048,13,00403.csv,00401.csv
B0048,14,00406.csv,00405.csv
B0048,15,00408.csv,00407.csv
B0048,16,00410.csv,00409.csv
B0048,17,00412.csv,00411.csv
B0048,18,00415.csv,00413.csv
B0048,19,00418.csv,00417.csv
B0048,20,00420.csv,00419.csv
B0048,21,00422.csv,00421.csv
B0048,22,00424.csv,00423.csv
B0048,23,00427.csv,00425.csv
B0048,24,00430.csv,00429.csv
B0048,25,00432.csv,00431.csv
B0048,26,00434.csv,00433.csv
B0048,27,00436.csv,00435.csv
B0048,28,00439.csv,00437.csv
B0048,29,00442.csv,00441.csv
B0048,30,00444.csv,00443.csv
B0048,31,00446.csv,00445.csv
B0048,32,00448.csv,00447.csv
B0048,33,00451.csv,00449.csv
B0048,34,00455.csv,00453.csv
B0048,35,00458.csv,00457.csv
B0048,36,00460.csv,00459.csv
B0048,37,00462.csv,00461.csv
B0048,38,00464.csv,00463.csv
B0048,39,00467.csv,00465.csv
B0048,40,00470.csv,00469.csv
B0048,41,00472.csv,00471.csv
B0048,42,00474.csv,00473.csv
B0048,43,00476.csv,00475.csv
B0048,44,00479.csv,00477.csv
B0048,45,00482.csv,00481.csv
B0048,46,00484.csv,00483.csv
B0048,47,00486.csv,00485.csv
B0048,48,00488.csv,00487.csv
B0048,49,00491.csv,00489.csv
B0048,50,00494.csv,00493.csv
B0048,51,00496.csv,00495.csv
B0048,52,00498.csv,00497.csv
B0048,53,00500.csv,00499.csv
B0048,54,00503.csv,00501.csv
B0048,55,00507.csv,00505.csv
B0048,56,00510.csv,00509.csv
B0048,57,00512.csv,00511.csv
B0048,58,00514.csv,00513.csv
B0048,59,00516.csv,00515.csv
B0048,60,00519.csv,00517.csv
B0048,61,00523.csv,00521.csv
B0048,62,00526.csv,00525.csv
B0048,63,00528.csv,00527.csv
B0048,64,00530.csv,00529.csv
B0048,65,00532.csv,00531.csv
B0048,66,00535.csv,00533.csv
B0048,67,00539.csv,00537.csv
B0048,68,00542.csv,00541.csv
B0048,69,00544.csv,00543.csv
B0048,70,00546.csv,00545.csv
B0048,71,00548.csv,00547.csv
B0048,72,00551.csv,00549.csv
B0046,1,00555.csv,00553.csv
B0046,2,00558.csv,00557.csv
B0046,3,00560.csv,00559.csv
B0046,4,00562.csv,00561.csv
B0046,5,00564.csv,00563.csv
B0046,6,00567.csv,00565.csv
B0046,7,00571.csv,00569.csv
B0046,8,00574.csv,00573.csv
B0046,9,00576.csv,00575.csv
B0046,10,00578.csv,00577.csv
B0046,11,00580.csv,00579.csv
B0046,12,00583.csv,00581.csv
B0046,13,00587.csv,00585.csv
B0046,14,00590.csv,00589.csv
B0046,15,00592.csv,00591.csv
B0046,16,00594.csv,00593.csv
B0046,17,00596.csv,00595.csv
B0046,18,00599.csv,00597.csv
B0046,19,00602.csv,00601.csv
B0046,20,00604.csv,00603.csv
B0046,21,00606.csv,00605.csv
B0046,22,00608.csv,00607.csv
B0046,23,00611.csv,00609.csv
B0046,24,00614.csv,00613.csv
B0046,25,00616.csv,00615.csv
B0046,26,00618.csv,00617.csv
B0046,27,00620.csv,00619.csv
B0046,28,00623.csv,00621.csv
B0046,29,00626.csv,00625.csv
B0046,30,00628.csv,00627.csv
B0046,31,00630.csv,00629.csv
B0046,32,00632.csv,00631.csv
B0046,33,00635.csv,00633.csv
B0046,34,00639.csv,00637.csv
B0046,35,00642.csv,00641.csv
B0046,36,00644.csv,00643.csv
B0046,37,00646.csv,00645.csv
B0046,38,00648.csv,00647.csv
B0046,39,00651.csv,00649.csv
B0046,40,00654.csv,00653.csv
B0046,41,00656.csv,00655.csv
B0046,42,00658.csv,00657.csv
B0046,43,00660.csv,00659.csv
B0046,44,00663.csv,00661.csv
B0046,45,00666.csv,00665.csv
B0046,46,00668.csv,00667.csv
B0046,47,00670.csv,00669.csv
B0046,48,00672.csv,00671.csv
B0046,49,00675.csv,00673.csv
B0046,50,00678.csv,00677.csv
B0046,51,00680.csv,00679.csv
B0046,52,00682.csv,00681.csv
B0046,53,00684.csv,00683.csv
B0046,54,00687.csv,00685.csv
B0046,55,00691.csv,00689.csv
B0046,56,00694.csv,00693.csv
B0046,57,00696.csv,00695.csv
B0046,58,00698.csv,00697.csv
B0046,59,00700.csv,00699.csv
B0046,60,00703.csv,00701.csv
B0046,61,00707.csv,00705.csv
B0046,62,00710.csv,00709.csv
B0046,63,00712.csv,00711.csv
B0046,64,00714.csv,00713.csv
B0046,65,00716.csv,00715.csv
B0046,66,00719.csv,00717.csv
B0046,67,00723.csv,00721.csv
B0046,68,00726.csv,00725.csv
B0046,69,00728.csv,00727.csv
B0046,70,00730.csv,00729.csv
B0046,71,00732.csv,00731.csv
B0046,72,00735.csv,00733.csv
B0043,1,00737.csv,00739.csv
B0043,2,00740.csv,00741.csv
B0043,3,00742.csv,00743.csv
B0043,4,00744.csv,00745.csv
B0043,5,00746.csv,00747.csv
B0043,6,00749.csv,00751.csv
B0043,7,00752.csv,00753.csv
B0043,8,00754.csv,00755.csv
B0043,9,00756.csv,00757.csv
B0043,10,00758.csv,00759.csv
B0043,11,00761.csv,00763.csv
B0043,12,00764.csv,00765.csv
B0043,13,00766.csv,00767.csv
B0043,14,00768.csv,00769.csv
B0043,15,00770.csv,00771.csv
B0043,16,00773.csv,00775.csv
B0043,17,00776.csv,00777.csv
B0043,18,00778.csv,00779.csv
B0043,19,00780.csv,00781.csv
B0043,20,00782.csv,00783.csv
B0043,21,00785.csv,00787.csv
B0043,22,00789.csv,00791.csv
B0043,23,00792.csv,00793.csv
B0043,24,00794.csv,00795.csv
B0043,25,00796.csv,00797.csv
B0043,26,00798.csv,00799.csv
B0043,27,00801.csv,00803.csv
B0043,28,00804.csv,00805.csv
B0043,29,00806.csv,00807.csv
B0043,30,00808.csv,00809.csv
B0043,31,00810.csv,00811.csv
B0043,32,00813.csv,00815.csv
B0043,33,00816.csv,00817.csv
B0043,34,00818.csv,00819.csv
B0043,35,00820.csv,00821.csv
B0043,36,00822.csv,00823.csv
B0043,37,00825.csv,00827.csv
B0043,38,00828.csv,00829.csv
B0043,39,00830.csv,00831.csv
B0043,40,00832.csv,00833.csv
B0043,41,00834.csv,00835.csv
B0043,42,00837.csv,00839.csv
B0043,43,00841.csv,00843.csv
B0043,44,00844.csv,00845.csv
B0043,45,00846.csv,00847.csv
B0043,46,00848.csv,00849.csv
B0043,47,00850.csv,00852.csv
B0043,48,00853.csv,00854.csv
B0043,49,00855.csv,00856.csv
B0043,50,00857.csv,00858.csv
B0043,51,00859.csv,00860.csv
B0043,52,00862.csv,00864.csv
B0043,53,00865.csv,00866.csv
B0043,54,00867.csv,00868.csv
B0043,55,00869.csv,00870.csv
B0043,56,00871.csv,00872.csv
B0043,57,00874.csv,00876.csv
B0043,58,00877.csv,00878.csv
B0043,59,00879.csv,00880.csv
B0043,60,00881.csv,00882.csv
B0043,61,00883.csv,00884.csv
B0043,62,00886.csv,00888.csv
B0043,63,00889.csv,00890.csv
B0043,64,00891.csv,00892.csv
B0043,65,00893.csv,00894.csv
B0043,66,00895.csv,00896.csv
B0043,67,00898.csv,00900.csv
B0043,68,00902.csv,00904.csv
B0043,69,00905.csv,00906.csv
B0043,70,00907.csv,00908.csv
B0043,71,00909.csv,00910.csv
B0043,72,00911.csv,00912.csv
B0043,73,00914.csv,00916.csv
B0043,74,00917.csv,00918.csv
B0043,75,00919.csv,00920.csv
B0043,76,00921.csv,00922.csv
B0043,77,00923.csv,00924.csv
B0043,78,00926.csv,00928.csv
B0043,79,00929.csv,00930.csv
B0043,80,00931.csv,00932.csv
B0043,81,00933.csv,00934.csv
B0043,82,00935.csv,00936.csv
B0043,83,00938.csv,00940.csv
B0043,84,00941.csv,00942.csv
B0043,85,00943.csv,00944.csv
B0043,86,00945.csv,00946.csv
B0043,87,00947.csv,00948.csv
B0043,88,00950.csv,00952.csv
B0043,89,00954.csv,00956.csv
B0043,90,00957.csv,00958.csv
B0043,91,00959.csv,00960.csv
B0043,92,00961.csv,00962.csv
B0043,93,00963.csv,00964.csv
B0043,94,00966.csv,00968.csv
B0043,95,00969.csv,00970.csv
B0043,96,00971.csv,00972.csv
B0043,97,00973.csv,00974.csv
B0043,98,00975.csv,00976.csv
B0043,99,00978.csv,00980.csv
B0043,100,00981.csv,00982.csv
B0043,101,00983.csv,00984.csv
B0043,102,00985.csv,00986.csv
B0043,103,00987.csv,00988.csv
B0043,104,00990.csv,00992.csv
B0043,105,00993.csv,00994.csv
B0043,106,00995.csv,00996.csv
B0043,107,00997.csv,00998.csv
B0043,108,00999.csv,01000.csv
B0043,109,01002.csv,01004.csv
B0043,110,01005.csv,01006.csv
B0043,111,01007.csv,01008.csv
B0043,112,01009.csv,01010.csv
B0032,1,01014.csv,01013.csv
B0032,2,01016.csv,01015.csv
B0032,3,01018.csv,01017.csv
B0032,4,01020.csv,01019.csv
B0032,5,01023.csv,01021.csv
B0032,6,01026.csv,01025.csv
B0032,7,01028.csv,01027.csv
B0032,8,01030.csv,01029.csv
B0032,9,01032.csv,01031.csv
B0032,10,01035.csv,01033.csv
B0032,11,01038.csv,01037.csv
B0032,12,01040.csv,01039.csv
B0032,13,01042.csv,01041.csv
B0032,14,01044.csv,01043.csv
B0032,15,01047.csv,01045.csv
B0032,16,01050.csv,01049.csv
B0032,17,01052.csv,01051.csv
B0032,18,01054.csv,01053.csv
B0032,19,01056.csv,01055.csv
B0032,20,01059.csv,01057.csv
B0032,21,01062.csv,01061.csv
B0032,22,01064.csv,01063.csv
B0032,23,01066.csv,01065.csv
B0032,24,01068.csv,01067.csv
B0032,25,01071.csv,01069.csv
B0032,26,01074.csv,01073.csv
B0032,27,01076.csv,01075.csv
B0032,28,01078.csv,01077.csv
B0032,29,01080.csv,01079.csv
B0032,30,01083.csv,01081.csv
B0032,31,01086.csv,01085.csv
B0032,32,01088.csv,01087.csv
B0032,33,01090.csv,01089.csv
B0032,34,01092.csv,01091.csv
B0032,35,01095.csv,01093.csv
B0032,36,01098.csv,01097.csv
B0032,37,01100.csv,01099.csv
B0032,38,01102.csv,01101.csv
B0032,39,01104.csv,01103.csv
B0032,40,01107.csv,01105.csv
B0039,1,01111.csv,01109.csv
B0039,2,01114.csv,01113.csv
B0039,3,01116.csv,01115.csv
B0039,4,01118.csv,01117.csv
B0039,5,01120.csv,01119.csv
B0039,6,01123.csv,01121.csv
B0039,7,01127.csv,01125.csv
B0039,8,01130.csv,01129.csv
B0039,9,01132.csv,01131.csv
B0039,10,01134.csv,01133.csv
B0039,11,01136.csv,01135.csv
B0039,12,01139.csv,01137.csv
B0039,13,01143.csv,01141.csv
B0039,14,01146.csv,01145.csv
B0039,15,01148.csv,01147.csv
B0039,16,01150.csv,01149.csv
B0039,17,01152.csv,01151.csv
B0039,18,01155.csv,01153.csv
B0039,19,01159.csv,01157.csv
B0039,20,01162.csv,01161.csv
B0039,21,01164.csv,01163.csv
B0039,22,01166.csv,01165.csv
B0039,23,01168.csv,01167.csv
B0039,24,01171.csv,01169.csv
B0039,25,01174.csv,01173.csv
B0039,26,01176.csv,01175.csv
B0039,27,01178.csv,01177.csv
B0039,28,01180.csv,01179.csv
B0039,29,01183.csv,01181.csv
B0039,30,01186.csv,01185.csv
B0039,31,01188.csv,01187.csv
B0039,32,01190.csv,01189.csv
B0039,33,01192.csv,01191.csv
B0039,34,01195.csv,01193.csv
B0039,35,01198.csv,01197.csv
B0039,36,01200.csv,01199.csv
B0039,37,01202.csv,01201.csv
B0039,38,01204.csv,01203.csv
B0039,39,01207.csv,01205.csv
B0039,40,01211.csv,01209.csv
B0039,41,01214.csv,01213.csv
B0039,42,01216.csv,01215.csv
B0039,43,01218.csv,01217.csv
B0039,44,01220.csv,01219.csv
B0039,45,01223.csv,01221.csv
B0039,46,01227.csv,01225.csv
B0039,47,01230.csv,01229.csv
B0040,1,01233.csv,01231.csv
B0040,2,01236.csv,01235.csv
B0040,3,01238.csv,01237.csv
B0040,4,01240.csv,01239.csv
B0040,5,01242.csv,01241.csv
B0040,6,01245.csv,01243.csv
B0040,7,01249.csv,01247.csv
B0040,8,01252.csv,01251.csv
B0040,9,01254.csv,01253.csv
B0040,10,01256.csv,01255.csv
B0040,11,01258.csv,01257.csv
B0040,12,01261.csv,01259.csv
B0040,13,01265.csv,01263.csv
B0040,14,01268.csv,01267.csv
B0040,15,01270.csv,01269.csv
B0040,16,01272.csv,01271.csv
B0040,17,01274.csv,01273.csv
B0040,18,01277.csv,01275.csv
B0040,19,01281.csv,01279.csv
B0040,20,01284.csv,01283.csv
B0040,21,01286.csv,01285.csv
B0040,22,01288.csv,01287.csv
B0040,23,01290.csv,01289.csv
B0040,24,01293.csv,01291.csv
B0040,25,01296.csv,01295.csv
B0040,26,01298.csv,01297.csv
B0040,27,01300.csv,01299.csv
B0040,28,01302.csv,01301.csv
B0040,29,01305.csv,01303.csv
B0040,30,01308.csv,01307.csv
B0040,31,01310.csv,01309.csv
B0040,32,01312.csv,01311.csv
B0040,33,01314.csv,01313.csv
B0040,34,01317.csv,01315.csv
B0040,35,01320.csv,01319.csv
B0040,36,01322.csv,01321.csv
B0040,37,01324.csv,01323.csv
B0040,38,01326.csv,01325.csv
B0040,39,01329.csv,01327.csv
B0040,40,01333.csv,01331.csv
B0040,41,01336.csv,01335.csv
B0040,42,01338.csv,01337.csv
B0040,43,01340.csv,01339.csv
B0040,44,01342.csv,01341.csv
B0040,45,01345.csv,01343.csv
B0040,46,01349.csv,01347.csv
B0040,47,01352.csv,01351.csv
B0029,1,01355.csv,01354.csv
B0029,2,01357.csv,01356.csv
B0029,3,01359.csv,01358.csv
B0029,4,01361.csv,01360.csv
B0029,5,01364.csv,01362.csv
B0029,6,01367.csv,01366.csv
B0029,7,01369.csv,01368.csv
B0029,8,01371.csv,01370.csv
B0029,9,01373.csv,01372.csv
B0029,10,01376.csv,01374.csv
B0029,11,01379.csv,01378.csv
B0029,12,01381.csv,01380.csv
B0029,13,01383.csv,01382.csv
B0029,14,01385.csv,01384.csv
B0029,15,01388.csv,01386.csv
B0029,16,01391.csv,01390.csv
B0029,17,01393.csv,01392.csv
B0029,18,01395.csv,01394.csv
B0029,19,01397.csv,01396.csv
B0029,20,01400.csv,01398.csv
B0029,21,01403.csv,01402.csv
B0029,22,01405.csv,01404.csv
B0029,23,01407.csv,01406.csv
B0029,24,01409.csv,01408.csv
B0029,25,01412.csv,01410.csv
B0029,26,01415.csv,01414.csv
B0029,27,01417.csv,01416.csv
B0029,28,01419.csv,01418.csv
B0029,29,01421.csv,01420.csv
B0029,30,01424.csv,01422.csv
B0029,31,01427.csv,01426.csv
B0029,32,01429.csv,01428.csv
B0029,33,01431.csv,01430.csv
B0029,34,01433.csv,01432.csv
B0029,35,01436.csv,01434.csv
B0029,36,01439.csv,01438.csv
B0029,37,01441.csv,01440.csv
B0029,38,01443.csv,01442.csv
B0029,39,01445.csv,01444.csv
B0029,40,01448.csv,01446.csv
B0028,1,01451.csv,01453.csv
B0028,2,01454.csv,01455.csv
B0028,3,01456.csv,01457.csv
B0028,4,01458.csv,01459.csv
B0028,5,01460.csv,01461.csv
B0028,6,01463.csv,01465.csv
B0028,7,01467.csv,01469.csv
B0028,8,01470.csv,01472.csv
B0028,9,01471.csv,01474.csv
B0028,10,01473.csv,01476.csv
B0028,11,01475.csv,01480.csv
B0028,12,01478.csv,01484.csv
B0028,13,01482.csv,01486.csv
B0028,14,01485.csv,01488.csv
B0028,15,01487.csv,01490.csv
B0028,16,01489.csv,01492.csv
B0028,17,01491.csv,01496.csv
B0028,18,01494.csv,01500.csv
B0028,19,01498.csv,01502.csv
B0028,20,01501.csv,01504.csv
B0028,21,01503.csv,01506.csv
B0028,22,01505.csv,01508.csv
B0028,23,01507.csv,01515.csv
B0028,24,01510.csv,01517.csv
B0028,25,01513.csv,01519.csv
B0028,26,01516.csv,01521.csv
B0028,27,01518.csv,01523.csv
B0028,28,01520.csv,01527.csv
B0042,1,01530.csv,01532.csv
B0042,2,01533.csv,01534.csv
B0042,3,01535.csv,01536.csv
B0042,4,01537.csv,01538.csv
B0042,5,01539.csv,01540.csv
B0042,6,01542.csv,01544.csv
B0042,7,01545.csv,01546.csv
B0042,8,01547.csv,01548.csv
B0042,9,01549.csv,01550.csv
B0042,10,01551.csv,01552.csv
B0042,11,01554.csv,01556.csv
B0042,12,01557.csv,01558.csv
B0042,13,01559.csv,01560.csv
B0042,14,01561.csv,01562.csv
B0042,15,01563.csv,01564.csv
B0042,16,01566.csv,01568.csv
B0042,17,01569.csv,01570.csv
B0042,18,01571.csv,01572.csv
B0042,19,01573.csv,01574.csv
B0042,20,01575.csv,01576.csv
B0042,21,01578.csv,01580.csv
B0042,22,01582.csv,01584.csv
B0042,23,01585.csv,01586.csv
B0042,24,01587.csv,01588.csv
B0042,25,01589.csv,01590.csv
B0042,26,01591.csv,01592.csv
B0042,27,01594.csv,01596.csv
B0042,28,01597.csv,01598.csv
B0042,29,01599.csv,01600.csv
B0042,30,01601.csv,01602.csv
B0042,31,01603.csv,01604.csv
B0042,32,01606.csv,01608.csv
B0042,33,01609.csv,01610.csv
B0042,34,01611.csv,01612.csv
B0042,35,01613.csv,01614.csv
B0042,36,01615.csv,01616.csv
B0042,37,01618.csv,01620.csv
B0042,38,01621.csv,01622.csv
B0042,39,01623.csv,01624.csv
B0042,40,01625.csv,01626.csv
B0042,41,01627.csv,01628.csv
B0042,42,01630.csv,01632.csv
B0042,43,01634.csv,01636.csv
B0042,44,01637.csv,01638.csv
B0042,45,01639.csv,01640.csv
B0042,46,01641.csv,01642.csv
B0042,47,01643.csv,01645.csv
B0042,48,01646.csv,01647.csv
B0042,49,01648.csv,01649.csv
B0042,50,01650.csv,01651.csv
B0042,51,01652.csv,01653.csv
B0042,52,01655.csv,01657.csv
B0042,53,01658.csv,01659.csv
B0042,54,01660.csv,01661.csv
B0042,55,01662.csv,01663.csv
B0042,56,01664.csv,01665.csv
B0042,57,01667.csv,01669.csv
B0042,58,01670.csv,01671.csv
B0042,59,01672.csv,01673.csv
B0042,60,01674.csv,01675.csv
B0042,61,01676.csv,01677.csv
B0042,62,01679.csv,01681.csv
B0042,63,01682.csv,01683.csv
B0042,64,01684.csv,01685.csv
B0042,65,01686.csv,01687.csv
B0042,66,01688.csv,01689.csv
B0042,67,01691.csv,01693.csv
B0042,68,01695.csv,01697.csv
B0042,69,01698.csv,01699.csv
B0042,70,01700.csv,01701.csv
B0042,71,01702.csv,01703.csv
B0042,72,01704.csv,01705.csv
B0042,73,01707.csv,01709.csv
B0042,74,01710.csv,01711.csv
B0042,75,01712.csv,01713.csv
B0042,76,01714.csv,01715.csv
B0042,77,01716.csv,01717.csv
B0042,78,01719.csv,01721.csv
B0042,79,01722.csv,01723.csv
B0042,80,01724.csv,01725.csv
B0042,81,01726.csv,01727.csv
B0042,82,01728.csv,01729.csv
B0042,83,01731.csv,01733.csv
B0042,84,01734.csv,01735.csv
B0042,85,01736.csv,01737.csv
B0042,86,01738.csv,01739.csv
B0042,87,01740.csv,01741.csv
B0042,88,01743.csv,01745.csv
B0042,89,01747.csv,01749.csv
B0042,90,01750.csv,01751.csv
B0042,91,01752.csv,01753.csv
B0042,92,01754.csv,01755.csv
B0042,93,01756.csv,01757.csv
B0042,94,01759.csv,01761.csv
B0042,95,01762.csv,01763.csv
B0042,96,01764.csv,01765.csv
B0042,97,01766.csv,01767.csv
B0042,98,01768.csv,01769.csv
B0042,99,01771.csv,01773.csv
B0042,100,01774.csv,01775.csv
B0042,101,01776.csv,01777.csv
B0042,102,01778.csv,01779.csv
B0042,103,01780.csv,01781.csv
B0042,104,01783.csv,01785.csv
B0042,105,01786.csv,01787.csv
B0042,106,01788.csv,01789.csv
B0042,107,01790.csv,01791.csv
B0042,108,01792.csv,01793.csv
B0042,109,01795.csv,01797.csv
B0042,110,01798.csv,01799.csv
B0042,111,01800.csv,01801.csv
B0042,112,01802.csv,01803.csv
B0034,1,01807.csv,01805.csv
B0034,2,01810.csv,01809.csv
B0034,3,01812.csv,01811.csv
B0034,4,01814.csv,01813.csv
B0034,5,01816.csv,01815.csv
B0034,6,01819.csv,01817.csv
B0034,7,01822.csv,01821.csv
B0034,8,01824.csv,01823.csv
B0034,9,01826.csv,01825.csv
B0034,10,01828.csv,01827.csv
B0034,11,01831.csv,01829.csv
B0034,12,01834.csv,01833.csv
B0034,13,01836.csv,01835.csv
B0034,14,01838.csv,01837.csv
B0034,15,01840.csv,01839.csv
B0034,16,01843.csv,01841.csv
B0034,17,01846.csv,01845.csv
B0034,18,01848.csv,01847.csv
B0034,19,01850.csv,01849.csv
B0034,20,01852.csv,01851.csv
B0034,21,01855.csv,01853.csv
B0034,22,01859.csv,01857.csv
B0034,23,01862.csv,01861.csv
B0034,24,01864.csv,01863.csv
B0034,25,01866.csv,01865.csv
B0034,26,01868.csv,01867.csv
B0034,27,01871.csv,01869.csv
B0034,28,01874.csv,01873.csv
B0034,29,01876.csv,01875.csv
B0034,30,01878.csv,01877.csv
B0034,31,01880.csv,01879.csv
B0034,32,01883.csv,01881.csv
B0034,33,01886.csv,01885.csv
B0034,34,01888.csv,01887.csv
B0034,35,01890.csv,01889.csv
B0034,36,01892.csv,01891.csv
B0034,37,01895.csv,01893.csv
B0034,38,01898.csv,01897.csv
B0034,39,01900.csv,01899.csv
B0034,40,01902.csv,01901.csv
B0034,41,01904.csv,01903.csv
B0034,42,01907.csv,01905.csv
B0034,43,01911.csv,01909.csv
B0034,44,01914.csv,01913.csv
B0034,45,01916.csv,01915.csv
B0034,46,01919.csv,01917.csv
B0034,47,01922.csv,01921.csv
B0034,48,01924.csv,01923.csv
B0034,49,01926.csv,01925.csv
B0034,50,01928.csv,01927.csv
B0034,51,01931.csv,01929.csv
B0034,52,01934.csv,01933.csv
B0034,53,01936.csv,01935.csv
B0034,54,01938.csv,01937.csv
B0034,55,01940.csv,01939.csv
B0034,56,01943.csv,01941.csv
B0034,57,01946.csv,01945.csv
B0034,58,01948.csv,01947.csv
B0034,59,01950.csv,01949.csv
B0034,60,01952.csv,01951.csv
B0034,61,01955.csv,01953.csv
B0034,62,01958.csv,01957.csv
B0034,63,01960.csv,01959.csv
B0034,64,01962.csv,01961.csv
B0034,65,01964.csv,01963.csv
B0034,66,01967.csv,01965.csv
B0034,67,01971.csv,01969.csv
B0034,68,01974.csv,01973.csv
B0034,69,01976.csv,01975.csv
B0034,70,01978.csv,01977.csv
B0034,71,01980.csv,01979.csv
B0034,72,01983.csv,01981.csv
B0034,73,01986.csv,01985.csv
B0034,74,01988.csv,01987.csv
B0034,75,01990.csv,01989.csv
B0034,76,01992.csv,01991.csv
B0034,77,01995.csv,01993.csv
B0034,78,01998.csv,01997.csv
B0034,79,02000.csv,01999.csv
B0034,80,02002.csv,02001.csv
B0034,81,02004.csv,02003.csv
B0034,82,02007.csv,02005.csv
B0034,83,02010.csv,02009.csv
B0034,84,02012.csv,02011.csv
B0034,85,02014.csv,02013.csv
B0034,86,02016.csv,02015.csv
B0034,87,02019.csv,02017.csv
B0034,88,02022.csv,02021.csv
B0034,89,02024.csv,02023.csv
B0034,90,02026.csv,02025.csv
B0034,91,02028.csv,02027.csv
B0034,92,02031.csv,02029.csv
B0034,93,02034.csv,02033.csv
B0034,94,02036.csv,02035.csv
B0034,95,02038.csv,02037.csv
B0034,96,02040.csv,02039.csv
B0034,97,02043.csv,02041.csv
B0034,98,02046.csv,02045.csv
B0034,99,02048.csv,02047.csv
B0034,100,02050.csv,02049.csv
B0034,101,02052.csv,02051.csv
B0034,102,02055.csv,02053.csv
B0034,103,02058.csv,02057.csv
B0034,104,02060.csv,02059.csv
B0034,105,02062.csv,02061.csv
B0034,106,02064.csv,02063.csv
B0034,107,02067.csv,02065.csv
B0034,108,02070.csv,02069.csv
B0034,109,02072.csv,02071.csv
B0034,110,02074.csv,02073.csv
B0034,111,02076.csv,02075.csv
B0034,112,02079.csv,02077.csv
B0034,113,02082.csv,02081.csv
B0034,114,02085.csv,02083.csv
B0034,115,02088.csv,02087.csv
B0034,116,02090.csv,02089.csv
B0034,117,02092.csv,02091.csv
B0034,118,02094.csv,02093.csv
B0034,119,02097.csv,02095.csv
B0034,120,02100.csv,02099.csv
B0034,121,02102.csv,02101.csv
B0034,122,02104.csv,02103.csv
B0034,123,02106.csv,02105.csv
B0034,124,02109.csv,02107.csv
B0034,125,02112.csv,02111.csv
B0034,126,02114.csv,02113.csv
B0034,127,02116.csv,02115.csv
B0034,128,02118.csv,02117.csv
B0034,129,02121.csv,02119.csv
B0034,130,02124.csv,02123.csv
B0034,131,02126.csv,02125.csv
B0034,132,02128.csv,02127.csv
B0034,133,02130.csv,02129.csv
B0034,134,02133.csv,02131.csv
B0034,135,02137.csv,02135.csv
B0034,136,02140.csv,02139.csv
B0034,137,02142.csv,02141.csv
B0034,138,02144.csv,02143.csv
B0034,139,02146.csv,02145.csv
B0034,140,02149.csv,02147.csv
B0034,141,02152.csv,02151.csv
B0034,142,02154.csv,02153.csv
B0034,143,02156.csv,02155.csv
B0034,144,02158.csv,02157.csv
B0034,145,02161.csv,02159.csv
B0034,146,02164.csv,02163.csv
B0034,147,02166.csv,02165.csv
B0034,148,02168.csv,02167.csv
B0034,149,02170.csv,02169.csv
B0034,150,02173.csv,02171.csv
B0034,151,02176.csv,02175.csv
B0034,152,02178.csv,02177.csv
B0034,153,02180.csv,02179.csv
B0034,154,02182.csv,02181.csv
B0034,155,02185.csv,02183.csv
B0034,156,02189.csv,02187.csv
B0034,157,02192.csv,02191.csv
B0034,158,02194.csv,02193.csv
B0034,159,02196.csv,02195.csv
B0034,160,02198.csv,02197.csv
B0034,161,02201.csv,02199.csv
B0034,162,02204.csv,02203.csv
B0034,163,02206.csv,02205.csv
B0034,164,02208.csv,02207.csv
B0034,165,02210.csv,02209.csv
B0034,166,02213.csv,02211.csv
B0034,167,02216.csv,02215.csv
B0034,168,02218.csv,02217.csv
B0034,169,02220.csv,02219.csv
B0034,170,02222.csv,02221.csv
B0034,171,02225.csv,02223.csv
B0034,172,02228.csv,02227.csv
B0034,173,02230.csv,02229.csv
B0034,174,02232.csv,02231.csv
B0034,175,02234.csv,02233.csv
B0034,176,02237.csv,02235.csv
B0034,177,02241.csv,02239.csv
B0034,178,02244.csv,02243.csv
B0034,179,02246.csv,02245.csv
B0034,180,02248.csv,02247.csv
B0034,181,02250.csv,02249.csv
B0034,182,02253.csv,02251.csv
B0034,183,02256.csv,02255.csv
B0034,184,02258.csv,02257.csv
B0034,185,02260.csv,02259.csv
B0034,186,02262.csv,02261.csv
B0034,187,02265.csv,02263.csv
B0034,188,02268.csv,02267.csv
B0034,189,02270.csv,02269.csv
B0034,190,02272.csv,02271.csv
B0034,191,02274.csv,02273.csv
B0034,192,02277.csv,02275.csv
B0034,193,02280.csv,02279.csv
B0034,194,02282.csv,02281.csv
B0034,195,02284.csv,02283.csv
B0034,196,02286.csv,02285.csv
B0034,197,02289.csv,02287.csv
B0038,1,02293.csv,02291.csv
B0038,2,02296.csv,02295.csv
B0038,3,02298.csv,02297.csv
B0038,4,02300.csv,02299.csv
B0038,5,02302.csv,02301.csv
B0038,6,02305.csv,02303.csv
B0038,7,02309.csv,02307.csv
B0038,8,02312.csv,02311.csv
B0038,9,02314.csv,02313.csv
B0038,10,02316.csv,02315.csv
B0038,11,02318.csv,02317.csv
B0038,12,02321.csv,02319.csv
B0038,13,02325.csv,02323.csv
B0038,14,02328.csv,02327.csv
B0038,15,02330.csv,02329.csv
B0038,16,02332.csv,02331.csv
B0038,17,02334.csv,02333.csv
B0038,18,02337.csv,02335.csv
B0038,19,02341.csv,02339.csv
B0038,20,02344.csv,02343.csv
B0038,21,02346.csv,02345.csv
B0038,22,02348.csv,02347.csv
B0038,23,02350.csv,02349.csv
B0038,24,02353.csv,02351.csv
B0038,25,02356.csv,02355.csv
B0038,26,02358.csv,02357.csv
B0038,27,02360.csv,02359.csv
B0038,28,02362.csv,02361.csv
B0038,29,02365.csv,02363.csv
B0038,30,02368.csv,02367.csv
B0038,31,02370.csv,02369.csv
B0038,32,02372.csv,02371.csv
B0038,33,02374.csv,02373.csv
B0038,34,02377.csv,02375.csv
B0038,35,02380.csv,02379.csv
B0038,36,02382.csv,02381.csv
B0038,37,02384.csv,02383.csv
B0038,38,02386.csv,02385.csv
B0038,39,02389.csv,02387.csv
B0038,40,02393.csv,02391.csv
B0038,41,02396.csv,02395.csv
B0038,42,02398.csv,02397.csv
B0038,43,02400.csv,02399.csv
B0038,44,02402.csv,02401.csv
B0038,45,02405.csv,02403.csv
B0038,46,02409.csv,02407.csv
B0038,47,02412.csv,02411.csv
B0033,1,02415.csv,02413.csv
B0033,2,02418.csv,02417.csv
B0033,3,02420.csv,02419.csv
B0033,4,02422.csv,02421.csv
B0033,5,02424.csv,02423.csv
B0033,6,02427.csv,02425.csv
B0033,7,02430.csv,02429.csv
B0033,8,02432.csv,02431.csv
B0033,9,02434.csv,02433.csv
B0033,10,02436.csv,02435.csv
B0033,11,02439.csv,02437.csv
B0033,12,02442.csv,02441.csv
B0033,13,02444.csv,02443.csv
B0033,14,02446.csv,02445.csv
B0033,15,02448.csv,02447.csv
B0033,16,02451.csv,02449.csv
B0033,17,02454.csv,02453.csv
B0033,18,02456.csv,02455.csv
B0033,19,02458.csv,02457.csv
B0033,20,02460.csv,02459.csv
B0033,21,02463.csv,02461.csv
B0033,22,02467.csv,02465.csv
B0033,23,02470.csv,02469.csv
B0033,24,02472.csv,02471.csv
B0033,25,02474.csv,02473.csv
B0033,26,02476.csv,02475.csv
B0033,27,02479.csv,02477.csv
B0033,28,02482.csv,02481.csv
B0033,29,02484.csv,02483.csv
B0033,30,02486.csv,02485.csv
B0033,31,02488.csv,02487.csv
B0033,32,02491.csv,02489.csv
B0033,33,02494.csv,02493.csv
B0033,34,02496.csv,02495.csv
B0033,35,02498.csv,02497.csv
B0033,36,02500.csv,02499.csv
B0033,37,02503.csv,02501.csv
B0033,38,02506.csv,02505.csv
B0033,39,02508.csv,02507.csv
B0033,40,02510.csv,02509.csv
B0033,41,02512.csv,02511.csv
B0033,42,02515.csv,02513.csv
B0033,43,02519.csv,02517.csv
B0033,44,02522.csv,02521.csv
B0033,45,02524.csv,02523.csv
B0033,46,02527.csv,02525.csv
B0033,47,02530.csv,02529.csv
B0033,48,02532.csv,02531.csv
B0033,49,02534.csv,02533.csv
B0033,50,02536.csv,02535.csv
B0033,51,02539.csv,02537.csv
B0033,52,02542.csv,02541.csv
B0033,53,02544.csv,02543.csv
B0033,54,02546.csv,02545.csv
B0033,55,02548.csv,02547.csv
B0033,56,02551.csv,02549.csv
B0033,57,02554.csv,02553.csv
B0033,58,02556.csv,02555.csv
B0033,59,02558.csv,02557.csv
B0033,60,02560.csv,02559.csv
B0033,61,02563.csv,02561.csv
B0033,62,02566.csv,02565.csv
B0033,63,02568.csv,02567.csv
B0033,64,02570.csv,02569.csv
B0033,65,02572.csv,02571.csv
B0033,66,02575.csv,02573.csv
B0033,67,02579.csv,02577.csv
B0033,68,02582.csv,02581.csv
B0033,69,02584.csv,02583.csv
B0033,70,02586.csv,02585.csv
B0033,71,02588.csv,02587.csv
B0033,72,02591.csv,02589.csv
B0033,73,02594.csv,02593.csv
B0033,74,02596.csv,02595.csv
B0033,75,02598.csv,02597.csv
B0033,76,02600.csv,02599.csv
B0033,77,02603.csv,02601.csv
B0033,78,02606.csv,02605.csv
B0033,79,02608.csv,02607.csv
B0033,80,02610.csv,02609.csv
B0033,81,02612.csv,02611.csv
B0033,82,02615.csv,02613.csv
B0033,83,02618.csv,02617.csv
B0033,84,02620.csv,02619.csv
B0033,85,02622.csv,02621.csv
B0033,86,02624.csv,02623.csv
B0033,87,02627.csv,02625.csv
B0033,88,02630.csv,02629.csv
B0033,89,02632.csv,02631.csv
B0033,90,02634.csv,02633.csv
B0033,91,02636.csv,02635.csv
B0033,92,02639.csv,02637.csv
B0033,93,02642.csv,02641.csv
B0033,94,02644.csv,02643.csv
B0033,95,02646.csv,02645.csv
B0033,96,02648.csv,02647.csv
B0033,97,02651.csv,02649.csv
B0033,98,02654.csv,02653.csv
B0033,99,02656.csv,02655.csv
B0033,100,02658.csv,02657.csv
B0033,101,02660.csv,02659.csv
B0033,102,02663.csv,02661.csv
B0033,103,02666.csv,02665.csv
B0033,104,02668.csv,02667.csv
B0033,105,02670.csv,02669.csv
B0033,106,02672.csv,02671.csv
B0033,107,02675.csv,02673.csv
B0033,108,02678.csv,02677.csv
B0033,109,02680.csv,02679.csv
B0033,110,02682.csv,02681.csv
B0033,111,02684.csv,02683.csv
B0033,112,02687.csv,02685.csv
B0033,113,02690.csv,02689.csv
B0033,114,02693.csv,02691.csv
B0033,115,02696.csv,02695.csv
B0033,116,02698.csv,02697.csv
B0033,117,02700.csv,02699.csv
B0033,118,02702.csv,02701.csv
B0033,119,02705.csv,02703.csv
B0033,120,02708.csv,02707.csv
B0033,121,02710.csv,02709.csv
B0033,122,02712.csv,02711.csv
B0033,123,02714.csv,02713.csv
B0033,124,02717.csv,02715.csv
B0033,125,02720.csv,02719.csv
B0033,126,02722.csv,02721.csv
B0033,127,02724.csv,02723.csv
B0033,128,02726.csv,02725.csv
B0033,129,02729.csv,02727.csv
B0033,130,02732.csv,02731.csv
B0033,131,02734.csv,02733.csv
B0033,132,02736.csv,02735.csv
B0033,133,02738.csv,02737.csv
B0033,134,02741.csv,02739.csv
B0033,135,02745.csv,02743.csv
B0033,136,02748.csv,02747.csv
B0033,137,02750.csv,02749.csv
B0033,138,02752.csv,02751.csv
B0033,139,02754.csv,02753.csv
B0033,140,02757.csv,02755.csv
B0033,141,02760.csv,02759.csv
B0033,142,02762.csv,02761.csv
B0033,143,02764.csv,02763.csv
B0033,144,02766.csv,02765.csv
B0033,145,02769.csv,02767.csv
B0033,146,02772.csv,02771.csv
B0033,147,02774.csv,02773.csv
B0033,148,02776.csv,02775.csv
B0033,149,02778.csv,02777.csv
B0033,150,02781.csv,02779.csv
B0033,151,02784.csv,02783.csv
B0033,152,02786.csv,02785.csv
B0033,153,02788.csv,02787.csv
B0033,154,02790.csv,02789.csv
B0033,155,02793.csv,02791.csv
B0033,156,02797.csv,02795.csv
B0033,157,02800.csv,02799.csv
B0033,158,02802.csv,02801.csv
B0033,159,02804.csv,02803.csv
B0033,160,02806.csv,02805.csv
B0033,161,02809.csv,02807.csv
B0033,162,02812.csv,02811.csv
B0033,163,02814.csv,02813.csv
B0033,164,02816.csv,02815.csv
B0033,165,02818.csv,02817.csv
B0033,166,02821.csv,02819.csv
B0033,167,02824.csv,02823.csv
B0033,168,02826.csv,02825.csv
B0033,169,02828.csv,02827.csv
B0033,170,02830.csv,02829.csv
B0033,171,02833.csv,02831.csv
B0033,172,02836.csv,02835.csv
B0033,173,02838.csv,02837.csv
B0033,174,02840.csv,02839.csv
B0033,175,02842.csv,02841.csv
B0033,176,02845.csv,02843.csv
B0033,177,02849.csv,02847.csv
B0033,178,02852.csv,02851.csv
B0033,179,02854.csv,02853.csv
B0033,180,02856.csv,02855.csv
B0033,181,02858.csv,02857.csv
B0033,182,02861.csv,02859.csv
B0033,183,02864.csv,02863.csv
B0033,184,02866.csv,02865.csv
B0033,185,02868.csv,02867.csv
B0033,186,02870.csv,02869.csv
B0033,187,02873.csv,02871.csv
B0033,188,02876.csv,02875.csv
B0033,189,02878.csv,02877.csv
B0033,190,02880.csv,02879.csv
B0033,191,02882.csv,02881.csv
B0033,192,02885.csv,02883.csv
B0033,193,02888.csv,02887.csv
B0033,194,02890.csv,02889.csv
B0033,195,02892.csv,02891.csv
B0033,196,02894.csv,02893.csv
B0033,197,02897.csv,02895.csv
B0030,1,02901.csv,02900.csv
B0030,2,02903.csv,02902.csv
B0030,3,02905.csv,02904.csv
B0030,4,02907.csv,02906.csv
B0030,5,02910.csv,02908.csv
B0030,6,02913.csv,02912.csv
B0030,7,02915.csv,02914.csv
B0030,8,02917.csv,02916.csv
B0030,9,02919.csv,02918.csv
B0030,10,02922.csv,02920.csv
B0030,11,02925.csv,02924.csv
B0030,12,02927.csv,02926.csv
B0030,13,02929.csv,02928.csv
B0030,14,02931.csv,02930.csv
B0030,15,02934.csv,02932.csv
B0030,16,02937.csv,02936.csv
B0030,17,02939.csv,02938.csv
B0030,18,02941.csv,02940.csv
B0030,19,02943.csv,02942.csv
B0030,20,02946.csv,02944.csv
B0030,21,02949.csv,02948.csv
B0030,22,02951.csv,02950.csv
B0030,23,02953.csv,02952.csv
B0030,24,02955.csv,02954.csv
B0030,25,02958.csv,02956.csv
B0030,26,02961.csv,02960.csv
B0030,27,02963.csv,02962.csv
B0030,28,02965.csv,02964.csv
B0030,29,02967.csv,02966.csv
B0030,30,02970.csv,02968.csv
B0030,31,02973.csv,02972.csv
B0030,32,02975.csv,02974.csv
B0030,33,02977.csv,02976.csv
B0030,34,02979.csv,02978.csv
B0030,35,02982.csv,02980.csv
B0030,36,02985.csv,02984.csv
B0030,37,02987.csv,02986.csv
B0030,38,02989.csv,02988.csv
B0030,39,02991.csv,02990.csv
B0030,40,02994.csv,02992.csv
B0041,1,02997.csv,02996.csv
B0041,2,03000.csv,02999.csv
B0041,3,03002.csv,03001.csv
B0041,4,03004.csv,03003.csv
B0041,5,03006.csv,03005.csv
B0041,6,03009.csv,03007.csv
B0041,7,03012.csv,03011.csv
B0041,8,03014.csv,03013.csv
B0041,9,03016.csv,03015.csv
B0041,10,03018.csv,03017.csv
B0041,11,03021.csv,03019.csv
B0041,12,03024.csv,03023.csv
B0041,13,03026.csv,03025.csv
B0041,14,03028.csv,03027.csv
B0041,15,03030.csv,03029.csv
B0041,16,03033.csv,03031.csv
B0041,17,03036.csv,03035.csv
B0041,18,03038.csv,03037.csv
B0041,19,03040.csv,03039.csv
B0041,20,03042.csv,03041.csv
B0041,21,03045.csv,03043.csv
B0041,22,03049.csv,03047.csv
B0041,23,03052.csv,03051.csv
B0041,24,03054.csv,03053.csv
B0041,25,03056.csv,03055.csv
B0041,26,03058.csv,03057.csv
B0041,27,03061.csv,03059.csv
B0041,28,03064.csv,03063.csv
B0041,29,03066.csv,03065.csv
B0041,30,03068.csv,03067.csv
B0041,31,03070.csv,03069.csv
B0041,32,03073.csv,03071.csv
B0041,33,03076.csv,03075.csv
B0041,34,03078.csv,03077.csv
B0041,35,03080.csv,03079.csv
B0041,36,03082.csv,03081.csv
B0041,37,03085.csv,03083.csv
B0041,38,03088.csv,03087.csv
B0041,39,03090.csv,03089.csv
B0041,40,03092.csv,03091.csv
B0041,41,03094.csv,03093.csv
B0041,42,03097.csv,03095.csv
B0041,43,03101.csv,03099.csv
B0041,44,03104.csv,03103.csv
B0041,45,03106.csv,03105.csv
B0041,46,03108.csv,03107.csv
B0041,47,03110.csv,03109.csv
B0041,48,03113.csv,03111.csv
B0041,49,03116.csv,03115.csv
B0041,50,03118.csv,03117.csv
B0041,51,03120.csv,03119.csv
B0041,52,03122.csv,03121.csv
B0041,53,03125.csv,03123.csv
B0041,54,03128.csv,03127.csv
B0041,55,03130.csv,03129.csv
B0041,56,03132.csv,03131.csv
B0041,57,03134.csv,03133.csv
B0041,58,03137.csv,03135.csv
B0041,59,03140.csv,03139.csv
B0041,60,03142.csv,03141.csv
B0041,61,03144.csv,03143.csv
B0041,62,03146.csv,03145.csv
B0041,63,03149.csv,03147.csv
B0041,64,03152.csv,03151.csv
B0041,65,03154.csv,03153.csv
B0041,66,03156.csv,03155.csv
B0041,67,03158.csv,03157.csv
B0027,1,03160.csv,03162.csv
B0027,2,03163.csv,03164.csv
B0027,3,03165.csv,03166.csv
B0027,4,03167.csv,03168.csv
B0027,5,03169.csv,03170.csv
B0027,6,03172.csv,03174.csv
B0027,7,03176.csv,03178.csv
B0027,8,03179.csv,03181.csv
B0027,9,03180.csv,03183.csv
B0027,10,03182.csv,03185.csv
B0027,11,03184.csv,03189.csv
B0027,12,03187.csv,03193.csv
B0027,13,03191.csv,03195.csv
B0027,14,03194.csv,03197.csv
B0027,15,03196.csv,03199.csv
B0027,16,03198.csv,03201.csv
B0027,17,03200.csv,03205.csv
B0027,18,03203.csv,03209.csv
B0027,19,03207.csv,03211.csv
B0027,20,03210.csv,03213.csv
B0027,21,03212.csv,03215.csv
B0027,22,03214.csv,03217.csv
B0027,23,03216.csv,03224.csv
B0027,24,03219.csv,03226.csv
B0027,25,03222.csv,03228.csv
B0027,26,03225.csv,03230.csv
B0027,27,03227.csv,03232.csv
B0027,28,03229.csv,03236.csv
B0044,1,03239.csv,03241.csv
B0044,2,03242.csv,03243.csv
B0044,3,03244.csv,03245.csv
B0044,4,03246.csv,03247.csv
B0044,5,03248.csv,03249.csv
B0044,6,03251.csv,03253.csv
B0044,7,03254.csv,03255.csv
B0044,8,03256.csv,03257.csv
B0044,9,03258.csv,03259.csv
B0044,10,03260.csv,03261.csv
B0044,11,03263.csv,03265.csv
B0044,12,03266.csv,03267.csv
B0044,13,03268.csv,03269.csv
B0044,14,03270.csv,03271.csv
B0044,15,03272.csv,03273.csv
B0044,16,03275.csv,03277.csv
B0044,17,03278.csv,03279.csv
B0044,18,03280.csv,03281.csv
B0044,19,03282.csv,03283.csv
B0044,20,03284.csv,03285.csv
B0044,21,03287.csv,03289.csv
B0044,22,03291.csv,03293.csv
B0044,23,03294.csv,03295.csv
B0044,24,03296.csv,03297.csv
B0044,25,03298.csv,03299.csv
B0044,26,03300.csv,03301.csv
B0044,27,03303.csv,03305.csv
B0044,28,03306.csv,03307.csv
B0044,29,03308.csv,03309.csv
B0044,30,03310.csv,03311.csv
B0044,31,03312.csv,03313.csv
B0044,32,03315.csv,03317.csv
B0044,33,03318.csv,03319.csv
B0044,34,03320.csv,03321.csv
B0044,35,03322.csv,03323.csv
B0044,36,03324.csv,03325.csv
B0044,37,03327.csv,03329.csv
B0044,38,03330.csv,03331.csv
B0044,39,03332.csv,03333.csv
B0044,40,03334.csv,03335.csv
B0044,41,03336.csv,03337.csv
B0044,42,03339.csv,03341.csv
B0044,43,03343.csv,03345.csv
B0044,44,03346.csv,03347.csv
B0044,45,03348.csv,03349.csv
B0044,46,03350.csv,03351.csv
B0044,47,03352.csv,03354.csv
B0044,48,03355.csv,03356.csv
B0044,49,03357.csv,03358.csv
B0044,50,03359.csv,03360.csv
B0044,51,03361.csv,03362.csv
B0044,52,03364.csv,03366.csv
B0044,53,03367.csv,03368.csv
B0044,54,03369.csv,03370.csv
B0044,55,03371.csv,03372.csv
B0044,56,03373.csv,03374.csv
B0044,57,03376.csv,03378.csv
B0044,58,03379.csv,03380.csv
B0044,59,03381.csv,03382.csv
B0044,60,03383.csv,03384.csv
B0044,61,03385.csv,03386.csv
B0044,62,03388.csv,03390.csv
B0044,63,03391.csv,03392.csv
B0044,64,03393.csv,03394.csv
B0044,65,03395.csv,03396.csv
B0044,66,03397.csv,03398.csv
B0044,67,03400.csv,03402.csv
B0044,68,03404.csv,03406.csv
B0044,69,03407.csv,03408.csv
B0044,70,03409.csv,03410.csv
B0044,71,03411.csv,03412.csv
B0044,72,03413.csv,03414.csv
B0044,73,03416.csv,03418.csv
B0044,74,03419.csv,03420.csv
B0044,75,03421.csv,03422.csv
B0044,76,03423.csv,03424.csv
B0044,77,03425.csv,03426.csv
B0044,78,03428.csv,03430.csv
B0044,79,03431.csv,03432.csv
B0044,80,03433.csv,03434.csv
B0044,81,03435.csv,03436.csv
B0044,82,03437.csv,03438.csv
B0044,83,03440.csv,03442.csv
B0044,84,03443.csv,03444.csv
B0044,85,03445.csv,03446.csv
B0044,86,03447.csv,03448.csv
B0044,87,03449.csv,03450.csv
B0044,88,03452.csv,03454.csv
B0044,89,03456.csv,03458.csv
B0044,90,03459.csv,03460.csv
B0044,91,03461.csv,03462.csv
B0044,92,03463.csv,03464.csv
B0044,93,03465.csv,03466.csv
B0044,94,03468.csv,03470.csv
B0044,95,03471.csv,03472.csv
B0044,96,03473.csv,03474.csv
B0044,97,03475.csv,03476.csv
B0044,98,03477.csv,03478.csv
B0044,99,03480.csv,03482.csv
B0044,100,03483.csv,03484.csv
B0044,101,03485.csv,03486.csv
B0044,102,03487.csv,03488.csv
B0044,103,03489.csv,03490.csv
B0044,104,03492.csv,03494.csv
B0044,105,03495.csv,03496.csv
B0044,106,03497.csv,03498.csv
B0044,107,03499.csv,03500.csv
B0044,108,03501.csv,03502.csv
B0044,109,03504.csv,03506.csv
B0044,110,03507.csv,03508.csv
B0044,111,03509.csv,03510.csv
B0044,112,03511.csv,03512.csv
B0036,1,03516.csv,03514.csv
B0036,2,03519.csv,03518.csv
B0036,3,03521.csv,03520.csv
B0036,4,03523.csv,03522.csv
B0036,5,03525.csv,03524.csv
B0036,6,03528.csv,03526.csv
B0036,7,03531.csv,03530.csv
B0036,8,03533.csv,03532.csv
B0036,9,03535.csv,03534.csv
B0036,10,03537.csv,03536.csv
B0036,11,03540.csv,03538.csv
B0036,12,03543.csv,03542.csv
B0036,13,03545.csv,03544.csv
B0036,14,03547.csv,03546.csv
B0036,15,03549.csv,03548.csv
B0036,16,03552.csv,03550.csv
B0036,17,03555.csv,03554.csv
B0036,18,03557.csv,03556.csv
B0036,19,03559.csv,03558.csv
B0036,20,03561.csv,03560.csv
B0036,21,03564.csv,03562.csv
B0036,22,03568.csv,03566.csv
B0036,23,03571.csv,03570.csv
B0036,24,03573.csv,03572.csv
B0036,25,03575.csv,03574.csv
B0036,26,03577.csv,03576.csv
B0036,27,03580.csv,03578.csv
B0036,28,03583.csv,03582.csv
B0036,29,03585.csv,03584.csv
B0036,30,03587.csv,03586.csv
B0036,31,03589.csv,03588.csv
B0036,32,03592.csv,03590.csv
B0036,33,03595.csv,03594.csv
B0036,34,03597.csv,03596.csv
B0036,35,03599.csv,03598.csv
B0036,36,03601.csv,03600.csv
B0036,37,03604.csv,03602.csv
B0036,38,03607.csv,03606.csv
B0036,39,03609.csv,03608.csv
B0036,40,03611.csv,03610.csv
B0036,41,03613.csv,03612.csv
B0036,42,03616.csv,03614.csv
B0036,43,03620.csv,03618.csv
B0036,44,03623.csv,03622.csv
B0036,45,03625.csv,03624.csv
B0036,46,03628.csv,03626.csv
B0036,47,03631.csv,03630.csv
B0036,48,03633.csv,03632.csv
B0036,49,03635.csv,03634.csv
B0036,50,03637.csv,03636.csv
B0036,51,03640.csv,03638.csv
B0036,52,03643.csv,03642.csv
B0036,53,03645.csv,03644.csv
B0036,54,03647.csv,03646.csv
B0036,55,03649.csv,03648.csv
B0036,56,03652.csv,03650.csv
B0036,57,03655.csv,03654.csv
B0036,58,03657.csv,03656.csv
B0036,59,03659.csv,03658.csv
B0036,60,03661.csv,03660.csv
B0036,61,03664.csv,03662.csv
B0036,62,03667.csv,03666.csv
B0036,63,03669.csv,03668.csv
B0036,64,03671.csv,03670.csv
B0036,65,03673.csv,03672.csv
B0036,66,03676.csv,03674.csv
B0036,67,03680.csv,03678.csv
B0036,68,03683.csv,03682.csv
B0036,69,03685.csv,03684.csv
B0036,70,03687.csv,03686.csv
B0036,71,03689.csv,03688.csv
B0036,72,03692.csv,03690.csv
B0036,73,03695.csv,03694.csv
B0036,74,03697.csv,03696.csv
B0036,75,03699.csv,03698.csv
B0036,76,03701.csv,03700.csv
B0036,77,03704.csv,03702.csv
B0036,78,03707.csv,03706.csv
B0036,79,03709.csv,03708.csv
B0036,80,03711.csv,03710.csv
B0036,81,03713.csv,03712.csv
B0036,82,03716.csv,03714.csv
B0036,83,03719.csv,03718.csv
B0036,84,03721.csv,03720.csv
B0036,85,03723.csv,03722.csv
B0036,86,03725.csv,03724.csv
B0036,87,03728.csv,03726.csv
B0036,88,03731.csv,03730.csv
B0036,89,03733.csv,03732.csv
B0036,90,03735.csv,03734.csv
B0036,91,03737.csv,03736.csv
B0036,92,03740.csv,03738.csv
B0036,93,03743.csv,03742.csv
B0036,94,03745.csv,03744.csv
B0036,95,03747.csv,03746.csv
B0036,96,03749.csv,03748.csv
B0036,97,03752.csv,03750.csv
B0036,98,03755.csv,03754.csv
B0036,99,03757.csv,03756.csv
B0036,100,03759.csv,03758.csv
B0036,101,03761.csv,03760.csv
B0036,102,03764.csv,03762.csv
B0036,103,03767.csv,03766.csv
B0036,104,03769.csv,03768.csv
B0036,105,03771.csv,03770.csv
B0036,106,03773.csv,03772.csv
B0036,107,03776.csv,03774.csv
B0036,108,03779.csv,03778.csv
B0036,109,03781.csv,03780.csv
B0036,110,03783.csv,03782.csv
B0036,111,03785.csv,03784.csv
B0036,112,03788.csv,03786.csv
B0036,113,03791.csv,03790.csv
B0036,114,03794.csv,03792.csv
B0036,115,03797.csv,03796.csv
B0036,116,03799.csv,03798.csv
B0036,117,03801.csv,03800.csv
B0036,118,03803.csv,03802.csv
B0036,119,03806.csv,03804.csv
B0036,120,03809.csv,03808.csv
B0036,121,03811.csv,03810.csv
B0036,122,03813.csv,03812.csv
B0036,123,03815.csv,03814.csv
B0036,124,03818.csv,03816.csv
B0036,125,03821.csv,03820.csv
B0036,126,03823.csv,03822.csv
B0036,127,03825.csv,03824.csv
B0036,128,03827.csv,03826.csv
B0036,129,03830.csv,03828.csv
B0036,130,03833.csv,03832.csv
B0036,131,03835.csv,03834.csv
B0036,132,03837.csv,03836.csv
B0036,133,03839.csv,03838.csv
B0036,134,03842.csv,03840.csv
B0036,135,03846.csv,03844.csv
B0036,136,03849.csv,03848.csv
B0036,137,03851.csv,03850.csv
B0036,138,03853.csv,03852.csv
B0036,139,03855.csv,03854.csv
B0036,140,03858.csv,03856.csv
B0036,141,03861.csv,03860.csv
B0036,142,03863.csv,03862.csv
B0036,143,03865.csv,03864.csv
B0036,144,03867.csv,03866.csv
B0036,145,03870.csv,03868.csv
B0036,146,03873.csv,03872.csv
B0036,147,03875.csv,03874.csv
B0036,148,03877.csv,03876.csv
B0036,149,03879.csv,03878.csv
B0036,150,03882.csv,03880.csv
B0036,151,03885.csv,03884.csv
B0036,152,03887.csv,03886.csv
B0036,153,03889.csv,03888.csv
B0036,154,03891.csv,03890.csv
B0036,155,03894.csv,03892.csv
B0036,156,03898.csv,03896.csv
B0036,157,03901.csv,03900.csv
B0036,158,03903.csv,03902.csv
B0036,159,03905.csv,03904.csv
B0036,160,03907.csv,03906.csv
B0036,161,03910.csv,03908.csv
B0036,162,03913.csv,03912.csv
B0036,163,03915.csv,03914.csv
B0036,164,03917.csv,03916.csv
B0036,165,03919.csv,03918.csv
B0036,166,03922.csv,03920.csv
B0036,167,03925.csv,03924.csv
B0036,168,03927.csv,03926.csv
B0036,169,03929.csv,03928.csv
B0036,170,03931.csv,03930.csv
B0036,171,03934.csv,03932.csv
B0036,172,03937.csv,03936.csv
B0036,173,03939.csv,03938.csv
B0036,174,03941.csv,03940.csv
B0036,175,03943.csv,03942.csv
B0036,176,03946.csv,03944.csv
B0036,177,03950.csv,03948.csv
B0036,178,03953.csv,03952.csv
B0036,179,03955.csv,03954.csv
B0036,180,03957.csv,03956.csv
B0036,181,03959.csv,03958.csv
B0036,182,03962.csv,03960.csv
B0036,183,03965.csv,03964.csv
B0036,184,03967.csv,03966.csv
B0036,185,03969.csv,03968.csv
B0036,186,03971.csv,03970.csv
B0036,187,03974.csv,03972.csv
B0036,188,03977.csv,03976.csv
B0036,189,03979.csv,03978.csv
B0036,190,03981.csv,03980.csv
B0036,191,03983.csv,03982.csv
B0036,192,03986.csv,03984.csv
B0036,193,03989.csv,03988.csv
B0036,194,03991.csv,03990.csv
B0036,195,03993.csv,03992.csv
B0036,196,03995.csv,03994.csv
B0036,197,03998.csv,03996.csv
B0025,1,04001.csv,04003.csv
B0025,2,04004.csv,04005.csv
B0025,3,04006.csv,04007.csv
B0025,4,04008.csv,04009.csv
B0025,5,04010.csv,04011.csv
B0025,6,04013.csv,04015.csv
B0025,7,04017.csv,04019.csv
B0025,8,04020.csv,04022.csv
B0025,9,04021.csv,04024.csv
B0025,10,04023.csv,04026.csv
B0025,11,04025.csv,04030.csv
B0025,12,04028.csv,04034.csv
B0025,13,04032.csv,04036.csv
B0025,14,04035.csv,04038.csv
B0025,15,04037.csv,04040.csv
B0025,16,04039.csv,04042.csv
B0025,17,04041.csv,04046.csv
B0025,18,04044.csv,04050.csv
B0025,19,04048.csv,04052.csv
B0025,20,04051.csv,04054.csv
B0025,21,04053.csv,04056.csv
B0025,22,04055.csv,04058.csv
B0025,23,04057.csv,04065.csv
B0025,24,04060.csv,04067.csv
B0025,25,04063.csv,04069.csv
B0025,26,04066.csv,04071.csv
B0025,27,04068.csv,04073.csv
B0025,28,04070.csv,04077.csv
B0026,1,04081.csv,04083.csv
B0026,2,04084.csv,04085.csv
B0026,3,04086.csv,04087.csv
B0026,4,04088.csv,04089.csv
B0026,5,04090.csv,04091.csv
B0026,6,04093.csv,04095.csv
B0026,7,04097.csv,04099.csv
B0026,8,04100.csv,04102.csv
B0026,9,04101.csv,04104.csv
B0026,10,04103.csv,04106.csv
B0026,11,04105.csv,04110.csv
B0026,12,04108.csv,04114.csv
B0026,13,04112.csv,04116.csv
B0026,14,04115.csv,04118.csv
B0026,15,04117.csv,04120.csv
B0026,16,04119.csv,04122.csv
B0026,17,04121.csv,04126.csv
B0026,18,04124.csv,04130.csv
B0026,19,04128.csv,04132.csv
B0026,20,04131.csv,04134.csv
B0026,21,04133.csv,04136.csv
B0026,22,04135.csv,04138.csv
B0026,23,04137.csv,04145.csv
B0026,24,04140.csv,04147.csv
B0026,25,04143.csv,04149.csv
B0026,26,04146.csv,04151.csv
B0026,27,04148.csv,04153.csv
B0026,28,04150.csv,04157.csv
B0031,1,04162.csv,04161.csv
B0031,2,04164.csv,04163.csv
B0031,3,04166.csv,04165.csv
B0031,4,04168.csv,04167.csv
B0031,5,04171.csv,04169.csv
B0031,6,04174.csv,04173.csv
B0031,7,04176.csv,04175.csv
B0031,8,04178.csv,04177.csv
B0031,9,04180.csv,04179.csv
B0031,10,04183.csv,04181.csv
B0031,11,04186.csv,04185.csv
B0031,12,04188.csv,04187.csv
B0031,13,04190.csv,04189.csv
B0031,14,04192.csv,04191.csv
B0031,15,04195.csv,04193.csv
B0031,16,04198.csv,04197.csv
B0031,17,04200.csv,04199.csv
B0031,18,04202.csv,04201.csv
B0031,19,04204.csv,04203.csv
B0031,20,04207.csv,04205.csv
B0031,21,04210.csv,04209.csv
B0031,22,04212.csv,04211.csv
B0031,23,04214.csv,04213.csv
B0031,24,04216.csv,04215.csv
B0031,25,04219.csv,04217.csv
B0031,26,04222.csv,04221.csv
B0031,27,04224.csv,04223.csv
B0031,28,04226.csv,04225.csv
B0031,29,04228.csv,04227.csv
B0031,30,04231.csv,04229.csv
B0031,31,04234.csv,04233.csv
B0031,32,04236.csv,04235.csv
B0031,33,04238.csv,04237.csv
B0031,34,04240.csv,04239.csv
B0031,35,04243.csv,04241.csv
B0031,36,04246.csv,04245.csv
B0031,37,04248.csv,04247.csv
B0031,38,04250.csv,04249.csv
B0031,39,04252.csv,04251.csv
B0031,40,04255.csv,04253.csv
B0049,1,04259.csv,04257.csv
B0049,2,04262.csv,04261.csv
B0049,3,04264.csv,04263.csv
B0049,4,04266.csv,04265.csv
B0049,5,04269.csv,04267.csv
B0049,6,04272.csv,04271.csv
B0049,7,04274.csv,04273.csv
B0049,8,04276.csv,04275.csv
B0049,9,04278.csv,04277.csv
B0049,10,04281.csv,04279.csv
B0049,11,04284.csv,04283.csv
B0049,12,04286.csv,04285.csv
B0049,13,04288.csv,04287.csv
B0049,14,04290.csv,04289.csv
B0049,15,04293.csv,04291.csv
B0049,16,04296.csv,04295.csv
B0049,17,04298.csv,04297.csv
B0049,18,04300.csv,04299.csv
B0049,19,04302.csv,04301.csv
B0049,20,04305.csv,04303.csv
B0049,21,04308.csv,04307.csv
B0049,22,04310.csv,04309.csv
B0049,23,04312.csv,04311.csv
B0049,24,04314.csv,04313.csv
B0049,25,04317.csv,04315.csv
B0050,1,04321.csv,04319.csv
B0050,2,04324.csv,04323.csv
B0050,3,04326.csv,04325.csv
B0050,4,04328.csv,04327.csv
B0050,5,04331.csv,04329.csv
B0050,6,04334.csv,04333.csv
B0050,7,04336.csv,04335.csv
B0050,8,04338.csv,04337.csv
B0050,9,04340.csv,04339.csv
B0050,10,04343.csv,04341.csv
B0050,11,04346.csv,04345.csv
B0050,12,04348.csv,04347.csv
B0050,13,04350.csv,04349.csv
B0050,14,04352.csv,04351.csv
B0050,15,04355.csv,04353.csv
B0050,16,04358.csv,04357.csv
B0050,17,04360.csv,04359.csv
B0050,18,04362.csv,04361.csv
B0050,19,04364.csv,04363.csv
B0050,20,04367.csv,04365.csv
B0050,21,04370.csv,04369.csv
B0050,22,04372.csv,04371.csv
B0050,23,04374.csv,04373.csv
B0050,24,04376.csv,04375.csv
B0050,25,04379.csv,04377.csv
B0052,1,04383.csv,04381.csv
B0052,2,04386.csv,04385.csv
B0052,3,04388.csv,04387.csv
B0052,4,04390.csv,04389.csv
B0052,5,04393.csv,04391.csv
B0052,6,04396.csv,04395.csv
B0052,7,04398.csv,04397.csv
B0052,8,04400.csv,04399.csv
B0052,9,04402.csv,04401.csv
B0052,10,04405.csv,04403.csv
B0052,11,04408.csv,04407.csv
B0052,12,04410.csv,04409.csv
B0052,13,04412.csv,04411.csv
B0052,14,04414.csv,04413.csv
B0052,15,04417.csv,04415.csv
B0052,16,04420.csv,04419.csv
B0052,17,04422.csv,04421.csv
B0052,18,04424.csv,04423.csv
B0052,19,04426.csv,04425.csv
B0052,20,04429.csv,04427.csv
B0052,21,04432.csv,04431.csv
B0052,22,04434.csv,04433.csv
B0052,23,04436.csv,04435.csv
B0052,24,04438.csv,04437.csv
B0052,25,04441.csv,04439.csv
B0051,1,04445.csv,04443.csv
B0051,2,04448.csv,04447.csv
B0051,3,04450.csv,04449.csv
B0051,4,04452.csv,04451.csv
B0051,5,04455.csv,04453.csv
B0051,6,04458.csv,04457.csv
B0051,7,04460.csv,04459.csv
B0051,8,04462.csv,04461.csv
B0051,9,04464.csv,04463.csv
B0051,10,04467.csv,04465.csv
B0051,11,04470.csv,04469.csv
B0051,12,04472.csv,04471.csv
B0051,13,04474.csv,04473.csv
B0051,14,04476.csv,04475.csv
B0051,15,04479.csv,04477.csv
B0051,16,04482.csv,04481.csv
B0051,17,04484.csv,04483.csv
B0051,18,04486.csv,04485.csv
B0051,19,04488.csv,04487.csv
B0051,20,04491.csv,04489.csv
B0051,21,04494.csv,04493.csv
B0051,22,04496.csv,04495.csv
B0051,23,04498.csv,04497.csv
B0051,24,04500.csv,04499.csv
B0051,25,04503.csv,04501.csv
B0006,1,04505.csv,04506.csv
B0006,2,04507.csv,04508.csv
B0006,3,04509.csv,04510.csv
B0006,4,04511.csv,04512.csv
B0006,5,04513.csv,04514.csv
B0006,6,04515.csv,04516.csv
B0006,7,04517.csv,04518.csv
B0006,8,04519.csv,04520.csv
B0006,9,04521.csv,04522.csv
B0006,10,04523.csv,04524.csv
B0006,11,04525.csv,04526.csv
B0006,12,04527.csv,04529.csv
B0006,13,04528.csv,04531.csv
B0006,14,04530.csv,04533.csv
B0006,15,04532.csv,04535.csv
B0006,16,04534.csv,04537.csv
B0006,17,04536.csv,04539.csv
B0006,18,04538.csv,04541.csv
B0006,19,04540.csv,04543.csv
B0006,20,04542.csv,04546.csv
B0006,21,04544.csv,04550.csv
B0006,22,04548.csv,04554.csv
B0006,23,04552.csv,04558.csv
B0006,24,04556.csv,04562.csv
B0006,25,04560.csv,04566.csv
B0006,26,04564.csv,04570.csv
B0006,27,04568.csv,04574.csv
B0006,28,04572.csv,04578.csv
B0006,29,04576.csv,04582.csv
B0006,30,04580.csv,04586.csv
B0006,31,04584.csv,04590.csv
B0006,32,04588.csv,04594.csv
B0006,33,04589.csv,04598.csv
B0006,34,04592.csv,04602.csv
B0006,35,04596.csv,04606.csv
B0006,36,04600.csv,04610.csv
B0006,37,04604.csv,04614.csv
B0006,38,04608.csv,04618.csv
B0006,39,04612.csv,04622.csv
B0006,40,04616.csv,04626.csv
B0006,41,04620.csv,04630.csv
B0006,42,04624.csv,04634.csv
B0006,43,04628.csv,04638.csv
B0006,44,04632.csv,04640.csv
B0006,45,04636.csv,04644.csv
B0006,46,04639.csv,04648.csv
B0006,47,04642.csv,04652.csv
B0006,48,04646.csv,04654.csv
B0006,49,04650.csv,04658.csv
B0006,50,04653.csv,04662.csv
B0006,51,04656.csv,04666.csv
B0006,52,04660.csv,04670.csv
B0006,53,04664.csv,04674.csv
B0006,54,04668.csv,04678.csv
B0006,55,04672.csv,04682.csv
B0006,56,04676.csv,04686.csv
B0006,57,04680.csv,04690.csv
B0006,58,04684.csv,04694.csv
B0006,59,04688.csv,04698.csv
B0006,60,04692.csv,04702.csv
B0006,61,04696.csv,04706.csv
B0006,62,04700.csv,04710.csv
B0006,63,04704.csv,04714.csv
B0006,64,04708.csv,04718.csv
B0006,65,04712.csv,04720.csv
B0006,66,04716.csv,04724.csv
B0006,67,04719.csv,04728.csv
B0006,68,04722.csv,04732.csv
B0006,69,04726.csv,04736.csv
B0006,70,04730.csv,04740.csv
B0006,71,04734.csv,04744.csv
B0006,72,04738.csv,04748.csv
B0006,73,04742.csv,04752.csv
B0006,74,04746.csv,04756.csv
B0006,75,04750.csv,04760.csv
B0006,76,04754.csv,04764.csv
B0006,77,04758.csv,04768.csv
B0006,78,04762.csv,04770.csv
B0006,79,04766.csv,04774.csv
B0006,80,04769.csv,04778.csv
B0006,81,04772.csv,04782.csv
B0006,82,04776.csv,04786.csv
B0006,83,04780.csv,04790.csv
B0006,84,04784.csv,04794.csv
B0006,85,04788.csv,04798.csv
B0006,86,04792.csv,04802.csv
B0006,87,04796.csv,04806.csv
B0006,88,04800.csv,04810.csv
B0006,89,04804.csv,04814.csv
B0006,90,04808.csv,04817.csv
B0006,91,04812.csv,04820.csv
B0006,92,04819.csv,04824.csv
B0006,93,04822.csv,04828.csv
B0006,94,04826.csv,04832.csv
B0006,95,04830.csv,04836.csv
B0006,96,04834.csv,04840.csv
B0006,97,04838.csv,04844.csv
B0006,98,04842.csv,04848.csv
B0006,99,04846.csv,04852.csv
B0006,100,04850.csv,04856.csv
B0006,101,04854.csv,04860.csv
B0006,102,04858.csv,04864.csv
B0006,103,04862.csv,04868.csv
B0006,104,04866.csv,04871.csv
B0006,105,04870.csv,04875.csv
B0006,106,04873.csv,04879.csv
B0006,107,04877.csv,04883.csv
B0006,108,04881.csv,04887.csv
B0006,109,04885.csv,04891.csv
B0006,110,04889.csv,04895.csv
B0006,111,04893.csv,04899.csv
B0006,112,04897.csv,04903.csv
B0006,113,04901.csv,04907.csv
B0006,114,04905.csv,04911.csv
B0006,115,04909.csv,04915.csv
B0006,116,04913.csv,04919.csv
B0006,117,04917.csv,04923.csv
B0006,118,04921.csv,04927.csv
B0006,119,04925.csv,04931.csv
B0006,120,04929.csv,04935.csv
B0006,121,04933.csv,04937.csv
B0006,122,04936.csv,04941.csv
B0006,123,04939.csv,04945.csv
B0006,124,04943.csv,04949.csv
B0006,125,04947.csv,04953.csv
B0006,126,04951.csv,04957.csv
B0006,127,04955.csv,04961.csv
B0006,128,04959.csv,04965.csv
B0006,129,04963.csv,04969.csv
B0006,130,04967.csv,04973.csv
B0006,131,04971.csv,04977.csv
B0006,132,04975.csv,04981.csv
B0006,133,04979.csv,04985.csv
B0006,134,04983.csv,04987.csv
B0006,135,04986.csv,04989.csv
B0006,136,04988.csv,04993.csv
B0006,137,04991.csv,04997.csv
B0006,138,04995.csv,05001.csv
B0006,139,04999.csv,05005.csv
B0006,140,05003.csv,05009.csv
B0006,141,05007.csv,05013.csv
B0006,142,05011.csv,05017.csv
B0006,143,05015.csv,05021.csv
B0006,144,05019.csv,05025.csv
B0006,145,05023.csv,05029.csv
B0006,146,05027.csv,05033.csv
B0006,147,05031.csv,05037.csv
B0006,148,05035.csv,05041.csv
B0006,149,05039.csv,05045.csv
B0006,150,05043.csv,05049.csv
B0006,151,05047.csv,05052.csv
B0006,152,05051.csv,05056.csv
B0006,153,05054.csv,05060.csv
B0006,154,05058.csv,05064.csv
B0006,155,05062.csv,05068.csv
B0006,156,05066.csv,05072.csv
B0006,157,05070.csv,05076.csv
B0006,158,05074.csv,05080.csv
B0006,159,05078.csv,05084.csv
B0006,160,05082.csv,05088.csv
B0006,161,05086.csv,05092.csv
B0006,162,05090.csv,05096.csv
B0006,163,05094.csv,05100.csv
B0006,164,05098.csv,05104.csv
B0006,165,05102.csv,05108.csv
B0006,166,05106.csv,05112.csv
B0006,167,05110.csv,05116.csv
B0006,168,05114.csv,05118.csv
B0005,1,05121.csv,05122.csv
B0005,2,05123.csv,05124.csv
B0005,3,05125.csv,05126.csv
B0005,4,05127.csv,05128.csv
B0005,5,05129.csv,05130.csv
B0005,6,05131.csv,05132.csv
B0005,7,05133.csv,05134.csv
B0005,8,05135.csv,05136.csv
B0005,9,05137.csv,05138.csv
B0005,10,05139.csv,05140.csv
B0005,11,05141.csv,05142.csv
B0005,12,05143.csv,05145.csv
B0005,13,05144.csv,05147.csv
B0005,14,05146.csv,05149.csv
B0005,15,05148.csv,05151.csv
B0005,16,05150.csv,05153.csv
B0005,17,05152.csv,05155.csv
B0005,18,05154.csv,05157.csv
B0005,19,05156.csv,05159.csv
B0005,20,05158.csv,05162.csv
B0005,21,05160.csv,05166.csv
B0005,22,05164.csv,05170.csv
B0005,23,05168.csv,05174.csv
B0005,24,05172.csv,05178.csv
B0005,25,05176.csv,05182.csv
B0005,26,05180.csv,05186.csv
B0005,27,05184.csv,05190.csv
B0005,28,05188.csv,05194.csv
B0005,29,05192.csv,05198.csv
B0005,30,05196.csv,05202.csv
B0005,31,05200.csv,05206.csv
B0005,32,05204.csv,05210.csv
B0005,33,05205.csv,05214.csv
B0005,34,05208.csv,05218.csv
B0005,35,05212.csv,05222.csv
B0005,36,05216.csv,05226.csv
B0005,37,05220.csv,05230.csv
B0005,38,05224.csv,05234.csv
B0005,39,05228.csv,05238.csv
B0005,40,05232.csv,05242.csv
B0005,41,05236.csv,05246.csv
B0005,42,05240.csv,05250.csv
B0005,43,05244.csv,05254.csv
B0005,44,05248.csv,05256.csv
B0005,45,05252.csv,05260.csv
B0005,46,05255.csv,05264.csv
B0005,47,05258.csv,05268.csv
B0005,48,05262.csv,05270.csv
B0005,49,05266.csv,05274.csv
B0005,50,05269.csv,05278.csv
B0005,51,05272.csv,05282.csv
B0005,52,05276.csv,05286.csv
B0005,53,05280.csv,05290.csv
B0005,54,05284.csv,05294.csv
B0005,55,05288.csv,05298.csv
B0005,56,05292.csv,05302.csv
B0005,57,05296.csv,05306.csv
B0005,58,05300.csv,05310.csv
B0005,59,05304.csv,05314.csv
B0005,60,05308.csv,05318.csv
B0005,61,05312.csv,05322.csv
B0005,62,05316.csv,05326.csv
B0005,63,05320.csv,05330.csv
B0005,64,05324.csv,05334.csv
B0005,65,05328.csv,05336.csv
B0005,66,05332.csv,05340.csv
B0005,67,05335.csv,05344.csv
B0005,68,05338.csv,05348.csv
B0005,69,05342.csv,05352.csv
B0005,70,05346.csv,05356.csv
B0005,71,05350.csv,05360.csv
B0005,72,05354.csv,05364.csv
B0005,73,05358.csv,05368.csv
B0005,74,05362.csv,05372.csv
B0005,75,05366.csv,05376.csv
B0005,76,05370.csv,05380.csv
B0005,77,05374.csv,05384.csv
B0005,78,05378.csv,05386.csv
B0005,79,05382.csv,05390.csv
B0005,80,05385.csv,05394.csv
B0005,81,05388.csv,05398.csv
B0005,82,05392.csv,05402.csv
B0005,83,05396.csv,05406.csv
B0005,84,05400.csv,05410.csv
B0005,85,05404.csv,05414.csv
B0005,86,05408.csv,05418.csv
B0005,87,05412.csv,05422.csv
B0005,88,05416.csv,05426.csv
B0005,89,05420.csv,05430.csv
B0005,90,05424.csv,05433.csv
B0005,91,05428.csv,05436.csv
B0005,92,05435.csv,05440.csv
B0005,93,05438.csv,05444.csv
B0005,94,05442.csv,05448.csv
B0005,95,05446.csv,05452.csv
B0005,96,05450.csv,05456.csv
B0005,97,05454.csv,05460.csv
B0005,98,05458.csv,05464.csv
B0005,99,05462.csv,05468.csv
B0005,100,05466.csv,05472.csv
B0005,101,05470.csv,05476.csv
B0005,102,05474.csv,05480.csv
B0005,103,05478.csv,05484.csv
B0005,104,05482.csv,05487.csv
B0005,105,05486.csv,05491.csv
B0005,106,05489.csv,05495.csv
B0005,107,05493.csv,05499.csv
B0005,108,05497.csv,05503.csv
B0005,109,05501.csv,05507.csv
B0005,110,05505.csv,05511.csv
B0005,111,05509.csv,05515.csv
B0005,112,05513.csv,05519.csv
B0005,113,05517.csv,05523.csv
B0005,114,05521.csv,05527.csv
B0005,115,05525.csv,05531.csv
B0005,116,05529.csv,05535.csv
B0005,117,05533.csv,05539.csv
B0005,118,05537.csv,05543.csv
B0005,119,05541.csv,05547.csv
B0005,120,05545.csv,05551.csv
B0005,121,05549.csv,05553.csv
B0005,122,05552.csv,05557.csv
B0005,123,05555.csv,05561.csv
B0005,124,05559.csv,05565.csv
B0005,125,05563.csv,05569.csv
B0005,126,05567.csv,05573.csv
B0005,127,05571.csv,05577.csv
B0005,128,05575.csv,05581.csv
B0005,129,05579.csv,05585.csv
B0005,130,05583.csv,05589.csv
B0005,131,05587.csv,05593.csv
B0005,132,05591.csv,05597.csv
B0005,133,05595.csv,05601.csv
B0005,134,05599.csv,05603.csv
B0005,135,05602.csv,05605.csv
B0005,136,05604.csv,05609.csv
B0005,137,05607.csv,05613.csv
B0005,138,05611.csv,05617.csv
B0005,139,05615.csv,05621.csv
B0005,140,05619.csv,05625.csv
B0005,141,05623.csv,05629.csv
B0005,142,05627.csv,05633.csv
B0005,143,05631.csv,05637.csv
B0005,144,05635.csv,05641.csv
B0005,145,05639.csv,05645.csv
B0005,146,05643.csv,05649.csv
B0005,147,05647.csv,05653.csv
B0005,148,05651.csv,05657.csv
B0005,149,05655.csv,05661.csv
B0005,150,05659.csv,05665.csv
B0005,151,05663.csv,05668.csv
B0005,152,05667.csv,05672.csv
B0005,153,05670.csv,05676.csv
B0005,154,05674.csv,05680.csv
B0005,155,05678.csv,05684.csv
B0005,156,05682.csv,05688.csv
B0005,157,05686.csv,05692.csv
B0005,158,05690.csv,05696.csv
B0005,159,05694.csv,05700.csv
B0005,160,05698.csv,05704.csv
B0005,161,05702.csv,05708.csv
B0005,162,05706.csv,05712.csv
B0005,163,05710.csv,05716.csv
B0005,164,05714.csv,05720.csv
B0005,165,05718.csv,05724.csv
B0005,166,05722.csv,05728.csv
B0005,167,05726.csv,05732.csv
B0005,168,05730.csv,05734.csv
B0007,1,05737.csv,05738.csv
B0007,2,05739.csv,05740.csv
B0007,3,05741.csv,05742.csv
B0007,4,05743.csv,05744.csv
B0007,5,05745.csv,05746.csv
B0007,6,05747.csv,05748.csv
B0007,7,05749.csv,05750.csv
B0007,8,05751.csv,05752.csv
B0007,9,05753.csv,05754.csv
B0007,10,05755.csv,05756.csv
B0007,11,05757.csv,05758.csv
B0007,12,05759.csv,05761.csv
B0007,13,05760.csv,05763.csv
B0007,14,05762.csv,05765.csv
B0007,15,05764.csv,05767.csv
B0007,16,05766.csv,05769.csv
B0007,17,05768.csv,05771.csv
B0007,18,05770.csv,05773.csv
B0007,19,05772.csv,05775.csv
B0007,20,05774.csv,05778.csv
B0007,21,05776.csv,05782.csv
B0007,22,05780.csv,05786.csv
B0007,23,05784.csv,05790.csv
B0007,24,05788.csv,05794.csv
B0007,25,05792.csv,05798.csv
B0007,26,05796.csv,05802.csv
B0007,27,05800.csv,05806.csv
B0007,28,05804.csv,05810.csv
B0007,29,05808.csv,05814.csv
B0007,30,05812.csv,05818.csv
B0007,31,05816.csv,05822.csv
B0007,32,05820.csv,05826.csv
B0007,33,05821.csv,05830.csv
B0007,34,05824.csv,05834.csv
B0007,35,05828.csv,05838.csv
B0007,36,05832.csv,05842.csv
B0007,37,05836.csv,05846.csv
B0007,38,05840.csv,05850.csv
B0007,39,05844.csv,05854.csv
B0007,40,05848.csv,05858.csv
B0007,41,05852.csv,05862.csv
B0007,42,05856.csv,05866.csv
B0007,43,05860.csv,05870.csv
B0007,44,05864.csv,05872.csv
B0007,45,05868.csv,05876.csv
B0007,46,05871.csv,05880.csv
B0007,47,05874.csv,05884.csv
B0007,48,05878.csv,05886.csv
B0007,49,05882.csv,05890.csv
B0007,50,05885.csv,05894.csv
B0007,51,05888.csv,05898.csv
B0007,52,05892.csv,05902.csv
B0007,53,05896.csv,05906.csv
B0007,54,05900.csv,05910.csv
B0007,55,05904.csv,05914.csv
B0007,56,05908.csv,05918.csv
B0007,57,05912.csv,05922.csv
B0007,58,05916.csv,05926.csv
B0007,59,05920.csv,05930.csv
B0007,60,05924.csv,05934.csv
B0007,61,05928.csv,05938.csv
B0007,62,05932.csv,05942.csv
B0007,63,05936.csv,05946.csv
B0007,64,05940.csv,05950.csv
B0007,65,05944.csv,05952.csv
B0007,66,05948.csv,05956.csv
B0007,67,05951.csv,05960.csv
B0007,68,05954.csv,05964.csv
B0007,69,05958.csv,05968.csv
B0007,70,05962.csv,05972.csv
B0007,71,05966.csv,05976.csv
B0007,72,05970.csv,05980.csv
B0007,73,05974.csv,05984.csv
B0007,74,05978.csv,05988.csv
B0007,75,05982.csv,05992.csv
B0007,76,05986.csv,05996.csv
B0007,77,05990.csv,06000.csv
B0007,78,05994.csv,06002.csv
B0007,79,05998.csv,06006.csv
B0007,80,06001.csv,06010.csv
B0007,81,06004.csv,06014.csv
B0007,82,06008.csv,06018.csv
B0007,83,06012.csv,06022.csv
B0007,84,06016.csv,06026.csv
B0007,85,06020.csv,06030.csv
B0007,86,06024.csv,06034.csv
B0007,87,06028.csv,06038.csv
B0007,88,06032.csv,06042.csv
B0007,89,06036.csv,06046.csv
B0007,90,06040.csv,06049.csv
B0007,91,06044.csv,06052.csv
B0007,92,06051.csv,06056.csv
B0007,93,06054.csv,06060.csv
B0007,94,06058.csv,06064.csv
B0007,95,06062.csv,06068.csv
B0007,96,06066.csv,06072.csv
B0007,97,06070.csv,06076.csv
B0007,98,06074.csv,06080.csv
B0007,99,06078.csv,06084.csv
B0007,100,06082.csv,06088.csv
B0007,101,06086.csv,06092.csv
B0007,102,06090.csv,06096.csv
B0007,103,06094.csv,06100.csv
B0007,104,06098.csv,06103.csv
B0007,105,06102.csv,06107.csv
B0007,106,06105.csv,06111.csv
B0007,107,06109.csv,06115.csv
B0007,108,06113.csv,06119.csv
B0007,109,06117.csv,06123.csv
B0007,110,06121.csv,06127.csv
B0007,111,06125.csv,06131.csv
B0007,112,06129.csv,06135.csv
B0007,113,06133.csv,06139.csv
B0007,114,06137.csv,06143.csv
B0007,115,06141.csv,06147.csv
B0007,116,06145.csv,06151.csv
B0007,117,06149.csv,06155.csv
B0007,118,06153.csv,06159.csv
B0007,119,06157.csv,06163.csv
B0007,120,06161.csv,06167.csv
B0007,121,06165.csv,06169.csv
B0007,122,06168.csv,06173.csv
B0007,123,06171.csv,06177.csv
B0007,124,06175.csv,06181.csv
B0007,125,06179.csv,06185.csv
B0007,126,06183.csv,06189.csv
B0007,127,06187.csv,06193.csv
B0007,128,06191.csv,06197.csv
B0007,129,06195.csv,06201.csv
B0007,130,06199.csv,06205.csv
B0007,131,06203.csv,06209.csv
B0007,132,06207.csv,06213.csv
B0007,133,06211.csv,06217.csv
B0007,134,06215.csv,06219.csv
B0007,135,06218.csv,06221.csv
B0007,136,06220.csv,06225.csv
B0007,137,06223.csv,06229.csv
B0007,138,06227.csv,06233.csv
B0007,139,06231.csv,06237.csv
B0007,140,06235.csv,06241.csv
B0007,141,06239.csv,06245.csv
B0007,142,06243.csv,06249.csv
B0007,143,06247.csv,06253.csv
B0007,144,06251.csv,06257.csv
B0007,145,06255.csv,06261.csv
B0007,146,06259.csv,06265.csv
B0007,147,06263.csv,06269.csv
B0007,148,06267.csv,06273.csv
B0007,149,06271.csv,06277.csv
B0007,150,06275.csv,06281.csv
B0007,151,06279.csv,06284.csv
B0007,152,06283.csv,06288.csv
B0007,153,06286.csv,06292.csv
B0007,154,06290.csv,06296.csv
B0007,155,06294.csv,06300.csv
B0007,156,06298.csv,06304.csv
B0007,157,06302.csv,06308.csv
B0007,158,06306.csv,06312.csv
B0007,159,06310.csv,06316.csv
B0007,160,06314.csv,06320.csv
B0007,161,06318.csv,06324.csv
B0007,162,06322.csv,06328.csv
B0007,163,06326.csv,06332.csv
B0007,164,06330.csv,06336.csv
B0007,165,06334.csv,06340.csv
B0007,166,06338.csv,06344.csv
B0007,167,06342.csv,06348.csv
B0007,168,06346.csv,06350.csv
B0018,1,06353.csv,06355.csv
B0018,2,06357.csv,06359.csv
B0018,3,06361.csv,06363.csv
B0018,4,06365.csv,06367.csv
B0018,5,06369.csv,06370.csv
B0018,6,06371.csv,06372.csv
B0018,7,06373.csv,06374.csv
B0018,8,06375.csv,06376.csv
B0018,9,06377.csv,06379.csv
B0018,10,06381.csv,06382.csv
B0018,11,06383.csv,06384.csv
B0018,12,06385.csv,06386.csv
B0018,13,06387.csv,06388.csv
B0018,14,06389.csv,06391.csv
B0018,15,06393.csv,06394.csv
B0018,16,06395.csv,06396.csv
B0018,17,06397.csv,06398.csv
B0018,18,06399.csv,06400.csv
B0018,19,06401.csv,06403.csv
B0018,20,06405.csv,06406.csv
B0018,21,06407.csv,06408.csv
B0018,22,06409.csv,06410.csv
B0018,23,06411.csv,06412.csv
B0018,24,06413.csv,06415.csv
B0018,25,06417.csv,06418.csv
B0018,26,06419.csv,06420.csv
B0018,27,06421.csv,06422.csv
B0018,28,06423.csv,06424.csv
B0018,29,06425.csv,06427.csv
B0018,30,06429.csv,06430.csv
B0018,31,06431.csv,06432.csv
B0018,32,06433.csv,06434.csv
B0018,33,06435.csv,06436.csv
B0018,34,06437.csv,06439.csv
B0018,35,06441.csv,06442.csv
B0018,36,06443.csv,06444.csv
B0018,37,06445.csv,06446.csv
B0018,38,06447.csv,06448.csv
B0018,39,06449.csv,06451.csv
B0018,40,06453.csv,06454.csv
B0018,41,06455.csv,06456.csv
B0018,42,06457.csv,06458.csv
B0018,43,06459.csv,06460.csv
B0018,44,06461.csv,06463.csv
B0018,45,06465.csv,06466.csv
B0018,46,06467.csv,06469.csv
B0018,47,06468.csv,06471.csv
B0018,48,06470.csv,06473.csv
B0018,49,06472.csv,06475.csv
B0018,50,06474.csv,06477.csv
B0018,51,06476.csv,06480.csv
B0018,52,06479.csv,06482.csv
B0018,53,06481.csv,06484.csv
B0018,54,06483.csv,06486.csv
B0018,55,06485.csv,06488.csv
B0018,56,06487.csv,06493.csv
B0018,57,06490.csv,06495.csv
B0018,58,06492.csv,06497.csv
B0018,59,06494.csv,06499.csv
B0018,60,06496.csv,06502.csv
B0018,61,06498.csv,06505.csv
B0018,62,06500.csv,06507.csv
B0018,63,06504.csv,06509.csv
B0018,64,06506.csv,06511.csv
B0018,65,06508.csv,06514.csv
B0018,66,06510.csv,06517.csv
B0018,67,06512.csv,06519.csv
B0018,68,06516.csv,06521.csv
B0018,69,06518.csv,06523.csv
B0018,70,06520.csv,06526.csv
B0018,71,06522.csv,06529.csv
B0018,72,06524.csv,06531.csv
B0018,73,06528.csv,06533.csv
B0018,74,06530.csv,06535.csv
B0018,75,06532.csv,06537.csv
B0018,76,06534.csv,06540.csv
B0018,77,06536.csv,06542.csv
B0018,78,06539.csv,06544.csv
B0018,79,06541.csv,06546.csv
B0018,80,06543.csv,06549.csv
B0018,81,06545.csv,06552.csv
B0018,82,06547.csv,06554.csv
B0018,83,06551.csv,06556.csv
B0018,84,06553.csv,06558.csv
B0018,85,06555.csv,06561.csv
B0018,86,06557.csv,06564.csv
B0018,87,06559.csv,06566.csv
B0018,88,06563.csv,06568.csv
B0018,89,06565.csv,06570.csv
B0018,90,06567.csv,06572.csv
B0018,91,06569.csv,06575.csv
B0018,92,06571.csv,06577.csv
B0018,93,06574.csv,06579.csv
B0018,94,06576.csv,06581.csv
B0018,95,06578.csv,06584.csv
B0018,96,06580.csv,06587.csv
B0018,97,06582.csv,06589.csv
B0018,98,06586.csv,06591.csv
B0018,99,06588.csv,06593.csv
B0018,100,06590.csv,06596.csv
B0018,101,06592.csv,06599.csv
B0018,102,06594.csv,06601.csv
B0018,103,06598.csv,06603.csv
B0018,104,06600.csv,06605.csv
B0018,105,06602.csv,06608.csv
B0018,106,06604.csv,06611.csv
B0018,107,06606.csv,06613.csv
B0018,108,06610.csv,06615.csv
B0018,109,06612.csv,06617.csv
B0018,110,06614.csv,06619.csv
B0018,111,06616.csv,06622.csv
B0018,112,06618.csv,06624.csv
B0018,113,06621.csv,06626.csv
B0018,114,06623.csv,06628.csv
B0018,115,06625.csv,06631.csv
B0018,116,06627.csv,06634.csv
B0018,117,06629.csv,06636.csv
B0018,118,06633.csv,06638.csv
B0018,119,06635.csv,06640.csv
B0018,120,06637.csv,06643.csv
B0018,121,06639.csv,06646.csv
B0018,122,06641.csv,06648.csv
B0018,123,06645.csv,06650.csv
B0018,124,06647.csv,06652.csv
B0018,125,06649.csv,06654.csv
B0018,126,06651.csv,06657.csv
B0018,127,06653.csv,06659.csv
B0018,128,06656.csv,06661.csv
B0018,129,06658.csv,06663.csv
B0018,130,06660.csv,06666.csv
B0018,131,06662.csv,06669.csv
B0018,132,06664.csv,06671.csv
B0053,1,06674.csv,06672.csv
B0053,2,06677.csv,06676.csv
B0053,3,06679.csv,06678.csv
B0053,4,06681.csv,06680.csv
B0053,5,06683.csv,06682.csv
B0053,6,06686.csv,06684.csv
B0053,7,06689.csv,06688.csv
B0053,8,06691.csv,06690.csv
B0053,9,06693.csv,06692.csv
B0053,10,06695.csv,06694.csv
B0053,11,06698.csv,06696.csv
B0053,12,06701.csv,06700.csv
B0053,13,06703.csv,06702.csv
B0053,14,06705.csv,06704.csv
B0053,15,06707.csv,06706.csv
B0053,16,06710.csv,06708.csv
B0053,17,06713.csv,06712.csv
B0053,18,06715.csv,06714.csv
B0053,19,06717.csv,06716.csv
B0053,20,06719.csv,06718.csv
B0053,21,06722.csv,06720.csv
B0053,22,06726.csv,06724.csv
B0053,23,06729.csv,06728.csv
B0053,24,06731.csv,06730.csv
B0053,25,06733.csv,06732.csv
B0053,26,06735.csv,06734.csv
B0053,27,06738.csv,06736.csv
B0053,28,06741.csv,06740.csv
B0053,29,06743.csv,06742.csv
B0053,30,06745.csv,06744.csv
B0053,31,06747.csv,06746.csv
B0053,32,06750.csv,06748.csv
B0053,33,06753.csv,06752.csv
B0053,34,06755.csv,06754.csv
B0053,35,06757.csv,06756.csv
B0053,36,06759.csv,06758.csv
B0053,37,06762.csv,06760.csv
B0053,38,06765.csv,06764.csv
B0053,39,06767.csv,06766.csv
B0053,40,06769.csv,06768.csv
B0053,41,06771.csv,06770.csv
B0053,42,06774.csv,06772.csv
B0053,43,06778.csv,06776.csv
B0053,44,06781.csv,06780.csv
B0053,45,06783.csv,06782.csv
B0053,46,06785.csv,06784.csv
B0053,47,06787.csv,06786.csv
B0053,48,06790.csv,06788.csv
B0053,49,06793.csv,06792.csv
B0053,50,06795.csv,06794.csv
B0053,51,06797.csv,06796.csv
B0053,52,06799.csv,06798.csv
B0053,53,06802.csv,06800.csv
B0053,54,06805.csv,06804.csv
B0053,55,06807.csv,06806.csv
B0054,1,06811.csv,06809.csv
B0054,2,06814.csv,06813.csv
B0054,3,06816.csv,06815.csv
B0054,4,06818.csv,06817.csv
B0054,5,06820.csv,06819.csv
B0054,6,06823.csv,06821.csv
B0054,7,06826.csv,06825.csv
B0054,8,06828.csv,06827.csv
B0054,9,06830.csv,06829.csv
B0054,10,06832.csv,06831.csv
B0054,11,06835.csv,06833.csv
B0054,12,06838.csv,06837.csv
B0054,13,06840.csv,06839.csv
B0054,14,06842.csv,06841.csv
B0054,15,06844.csv,06843.csv
B0054,16,06847.csv,06845.csv
B0054,17,06850.csv,06849.csv
B0054,18,06852.csv,06851.csv
B0054,19,06854.csv,06853.csv
B0054,20,06856.csv,06855.csv
B0054,21,06859.csv,06857.csv
B0054,22,06863.csv,06861.csv
B0054,23,06866.csv,06865.csv
B0054,24,06868.csv,06867.csv
B0054,25,06870.csv,06869.csv
B0054,26,06872.csv,06871.csv
B0054,27,06875.csv,06873.csv
B0054,28,06878.csv,06877.csv
B0054,29,06880.csv,06879.csv
B0054,30,06882.csv,06881.csv
B0054,31,06884.csv,06883.csv
B0054,32,06887.csv,06885.csv
B0054,33,06890.csv,06889.csv
B0054,34,06892.csv,06891.csv
B0054,35,06894.csv,06893.csv
B0054,36,06896.csv,06895.csv
B0054,37,06899.csv,06897.csv
B0054,38,06902.csv,06901.csv
B0054,39,06904.csv,06903.csv
B0054,40,06906.csv,06905.csv
B0054,41,06908.csv,06907.csv
B0054,42,06911.csv,06909.csv
B0054,43,06915.csv,06913.csv
B0054,44,06918.csv,06917.csv
B0054,45,06920.csv,06919.csv
B0054,46,06922.csv,06921.csv
B0054,47,06924.csv,06923.csv
B0054,48,06927.csv,06925.csv
B0054,49,06930.csv,06929.csv
B0054,50,06932.csv,06931.csv
B0054,51,06934.csv,06933.csv
B0054,52,06936.csv,06935.csv
B0054,53,06939.csv,06937.csv
B0054,54,06942.csv,06941.csv
B0054,55,06944.csv,06943.csv
B0054,56,06946.csv,06945.csv
B0054,57,06948.csv,06947.csv
B0054,58,06951.csv,06949.csv
B0054,59,06954.csv,06953.csv
B0054,60,06956.csv,06955.csv
B0054,61,06958.csv,06957.csv
B0054,62,06960.csv,06959.csv
B0054,63,06963.csv,06961.csv
B0054,64,06966.csv,06965.csv
B0054,65,06968.csv,06967.csv
B0054,66,06970.csv,06969.csv
B0054,67,06972.csv,06971.csv
B0054,68,06975.csv,06973.csv
B0054,69,06979.csv,06977.csv
B0054,70,06982.csv,06981.csv
B0054,71,06984.csv,06983.csv
B0054,72,06986.csv,06985.csv
B0054,73,06988.csv,06987.csv
B0054,74,06991.csv,06989.csv
B0054,75,06994.csv,06993.csv
B0054,76,06996.csv,06995.csv
B0054,77,06998.csv,06997.csv
B0054,78,07000.csv,06999.csv
B0054,79,07003.csv,07001.csv
B0054,80,07006.csv,07005.csv
B0054,81,07008.csv,07007.csv
B0054,82,07010.csv,07009.csv
B0054,83,07012.csv,07011.csv
B0054,84,07015.csv,07013.csv
B0054,85,07018.csv,07017.csv
B0054,86,07020.csv,07019.csv
B0054,87,07022.csv,07021.csv
B0054,88,07024.csv,07023.csv
B0054,89,07027.csv,07025.csv
B0054,90,07031.csv,07029.csv
B0054,91,07034.csv,07033.csv
B0054,92,07036.csv,07035.csv
B0054,93,07038.csv,07037.csv
B0054,94,07040.csv,07039.csv
B0054,95,07043.csv,07041.csv
B0054,96,07046.csv,07045.csv
B0054,97,07048.csv,07047.csv
B0054,98,07050.csv,07049.csv
B0054,99,07052.csv,07051.csv
B0054,100,07055.csv,07053.csv
B0054,101,07058.csv,07057.csv
B0054,102,07060.csv,07059.csv
B0056,1,07064.csv,07062.csv
B0056,2,07067.csv,07066.csv
B0056,3,07069.csv,07068.csv
B0056,4,07071.csv,07070.csv
B0056,5,07073.csv,07072.csv
B0056,6,07076.csv,07074.csv
B0056,7,07079.csv,07078.csv
B0056,8,07081.csv,07080.csv
B0056,9,07083.csv,07082.csv
B0056,10,07085.csv,07084.csv
B0056,11,07088.csv,07086.csv
B0056,12,07091.csv,07090.csv
B0056,13,07093.csv,07092.csv
B0056,14,07095.csv,07094.csv
B0056,15,07097.csv,07096.csv
B0056,16,07100.csv,07098.csv
B0056,17,07103.csv,07102.csv
B0056,18,07105.csv,07104.csv
B0056,19,07107.csv,07106.csv
B0056,20,07109.csv,07108.csv
B0056,21,07112.csv,07110.csv
B0056,22,07116.csv,07114.csv
B0056,23,07119.csv,07118.csv
B0056,24,07121.csv,07120.csv
B0056,25,07123.csv,07122.csv
B0056,26,07125.csv,07124.csv
B0056,27,07128.csv,07126.csv
B0056,28,07131.csv,07130.csv
B0056,29,07133.csv,07132.csv
B0056,30,07135.csv,07134.csv
B0056,31,07137.csv,07136.csv
B0056,32,07140.csv,07138.csv
B0056,33,07143.csv,07142.csv
B0056,34,07145.csv,07144.csv
B0056,35,07147.csv,07146.csv
B0056,36,07149.csv,07148.csv
B0056,37,07152.csv,07150.csv
B0056,38,07155.csv,07154.csv
B0056,39,07157.csv,07156.csv
B0056,40,07159.csv,07158.csv
B0056,41,07161.csv,07160.csv
B0056,42,07164.csv,07162.csv
B0056,43,07168.csv,07166.csv
B0056,44,07171.csv,07170.csv
B0056,45,07173.csv,07172.csv
B0056,46,07175.csv,07174.csv
B0056,47,07177.csv,07176.csv
B0056,48,07180.csv,07178.csv
B0056,49,07183.csv,07182.csv
B0056,50,07185.csv,07184.csv
B0056,51,07187.csv,07186.csv
B0056,52,07189.csv,07188.csv
B0056,53,07192.csv,07190.csv
B0056,54,07195.csv,07194.csv
B0056,55,07197.csv,07196.csv
B0056,56,07199.csv,07198.csv
B0056,57,07201.csv,07200.csv
B0056,58,07204.csv,07202.csv
B0056,59,07207.csv,07206.csv
B0056,60,07209.csv,07208.csv
B0056,61,07211.csv,07210.csv
B0056,62,07213.csv,07212.csv
B0056,63,07216.csv,07214.csv
B0056,64,07219.csv,07218.csv
B0056,65,07221.csv,07220.csv
B0056,66,07223.csv,07222.csv
B0056,67,07225.csv,07224.csv
B0056,68,07228.csv,07226.csv
B0056,69,07232.csv,07230.csv
B0056,70,07235.csv,07234.csv
B0056,71,07237.csv,07236.csv
B0056,72,07239.csv,07238.csv
B0056,73,07241.csv,07240.csv
B0056,74,07244.csv,07242.csv
B0056,75,07247.csv,07246.csv
B0056,76,07249.csv,07248.csv
B0056,77,07251.csv,07250.csv
B0056,78,07253.csv,07252.csv
B0056,79,07256.csv,07254.csv
B0056,80,07259.csv,07258.csv
B0056,81,07261.csv,07260.csv
B0056,82,07263.csv,07262.csv
B0056,83,07265.csv,07264.csv
B0056,84,07268.csv,07266.csv
B0056,85,07271.csv,07270.csv
B0056,86,07273.csv,07272.csv
B0056,87,07275.csv,07274.csv
B0056,88,07277.csv,07276.csv
B0056,89,07280.csv,07278.csv
B0056,90,07284.csv,07282.csv
B0056,91,07287.csv,07286.csv
B0056,92,07289.csv,07288.csv
B0056,93,07291.csv,07290.csv
B0056,94,07293.csv,07292.csv
B0056,95,07296.csv,07294.csv
B0056,96,07299.csv,07298.csv
B0056,97,07301.csv,07300.csv
B0056,98,07303.csv,07302.csv
B0056,99,07305.csv,07304.csv
B0056,100,07308.csv,07306.csv
B0056,101,07311.csv,07310.csv
B0056,102,07313.csv,07312.csv
B0055,1,07316.csv,07314.csv
B0055,2,07319.csv,07318.csv
B0055,3,07321.csv,07320.csv
B0055,4,07323.csv,07322.csv
B0055,5,07325.csv,07324.csv
B0055,6,07328.csv,07326.csv
B0055,7,07331.csv,07330.csv
B0055,8,07333.csv,07332.csv
B0055,9,07335.csv,07334.csv
B0055,10,07337.csv,07336.csv
B0055,11,07340.csv,07338.csv
B0055,12,07343.csv,07342.csv
B0055,13,07345.csv,07344.csv
B0055,14,07347.csv,07346.csv
B0055,15,07349.csv,07348.csv
B0055,16,07352.csv,07350.csv
B0055,17,07355.csv,07354.csv
B0055,18,07357.csv,07356.csv
B0055,19,07359.csv,07358.csv
B0055,20,07361.csv,07360.csv
B0055,21,07364.csv,07362.csv
B0055,22,07368.csv,07366.csv
B0055,23,07371.csv,07370.csv
B0055,24,07373.csv,07372.csv
B0055,25,07375.csv,07374.csv
B0055,26,07377.csv,07376.csv
B0055,27,07380.csv,07378.csv
B0055,28,07383.csv,07382.csv
B0055,29,07385.csv,07384.csv
B0055,30,07387.csv,07386.csv
B0055,31,07389.csv,07388.csv
B0055,32,07392.csv,07390.csv
B0055,33,07395.csv,07394.csv
B0055,34,07397.csv,07396.csv
B0055,35,07399.csv,07398.csv
B0055,36,07401.csv,07400.csv
B0055,37,07404.csv,07402.csv
B0055,38,07407.csv,07406.csv
B0055,39,07409.csv,07408.csv
B0055,40,07411.csv,07410.csv
B0055,41,07413.csv,07412.csv
B0055,42,07416.csv,07414.csv
B0055,43,07420.csv,07418.csv
B0055,44,07423.csv,07422.csv
B0055,45,07425.csv,07424.csv
B0055,46,07427.csv,07426.csv
B0055,47,07429.csv,07428.csv
B0055,48,07432.csv,07430.csv
B0055,49,07435.csv,07434.csv
B0055,50,07437.csv,07436.csv
B0055,51,07439.csv,07438.csv
B0055,52,07441.csv,07440.csv
B0055,53,07444.csv,07442.csv
B0055,54,07447.csv,07446.csv
B0055,55,07449.csv,07448.csv
B0055,56,07451.csv,07450.csv
B0055,57,07453.csv,07452.csv
B0055,58,07456.csv,07454.csv
B0055,59,07459.csv,07458.csv
B0055,60,07461.csv,07460.csv
B0055,61,07463.csv,07462.csv
B0055,62,07465.csv,07464.csv
B0055,63,07468.csv,07466.csv
B0055,64,07471.csv,07470.csv
B0055,65,07473.csv,07472.csv
B0055,66,07475.csv,07474.csv
B0055,67,07477.csv,07476.csv
B0055,68,07480.csv,07478.csv
B0055,69,07484.csv,07482.csv
B0055,70,07487.csv,07486.csv
B0055,71,07489.csv,07488.csv
B0055,72,07491.csv,07490.csv
B0055,73,07493.csv,07492.csv
B0055,74,07496.csv,07494.csv
B0055,75,07499.csv,07498.csv
B0055,76,07501.csv,07500.csv
B0055,77,07503.csv,07502.csv
B0055,78,07505.csv,07504.csv
B0055,79,07508.csv,07506.csv
B0055,80,07511.csv,07510.csv
B0055,81,07513.csv,07512.csv
B0055,82,07515.csv,07514.csv
B0055,83,07517.csv,07516.csv
B0055,84,07520.csv,07518.csv
B0055,85,07523.csv,07522.csv
B0055,86,07525.csv,07524.csv
B0055,87,07527.csv,07526.csv
B0055,88,07529.csv,07528.csv
B0055,89,07532.csv,07530.csv
B0055,90,07536.csv,07534.csv
B0055,91,07539.csv,07538.csv
B0055,92,07541.csv,07540.csv
B0055,93,07543.csv,07542.csv
B0055,94,07545.csv,07544.csv
B0055,95,07548.csv,07546.csv
B0055,96,07551.csv,07550.csv
B0055,97,07553.csv,07552.csv
B0055,98,07555.csv,07554.csv
B0055,99,07557.csv,07556.csv
B0055,100,07560.csv,07558.csv
B0055,101,07563.csv,07562.csv
B0055,102,07565.csv,07564.csv
